{
    "credit": "Made with Blockbench", 
    "textures": {
        "main": "imipet/angle_walk"
    }, 
    "elements": [
        {
            "from": [ 5.5, 18, 6.25 ], 
            "to":   [ 10.5, 22, 9.75 ], 
            "rotation": { "angle": 0, "axis": "y", "origin": [8, 22, 8] }, 
            "faces": {
                "north": { "uv": [ 0.1875, 0.9375, 0.5, 1.1875 ], "texture": "#main", "cullface": "north" }, 
                "east":  { "uv": [ 0, 0.9375, 0.1875, 1.1875 ], "texture": "#main", "cullface": "east" }, 
                "south": { "uv": [ 0.6875, 0.9375, 1, 1.1875 ], "texture": "#main", "cullface": "south" }, 
                "west":  { "uv": [ 0.5, 0.9375, 0.6875, 1.1875 ], "texture": "#main", "cullface": "west" }, 
                "up":    { "uv": [ 0.1875, 0.75, 0.5, 0.9375 ], "rotation":180, "texture": "#main", "cullface": "up" }, 
                "down":  { "uv": [ 0.5, 0.75, 0.8125, 0.9375 ], "texture": "#main", "cullface": "down" }
            }
        }, 
        {
            "from": [ 0, 10, 2 ], 
            "to":   [ 16, 17, 14 ], 
            "rotation": { "angle": 0, "axis": "y", "origin": [8, 14, 8] }, 
            "faces": {
                "north": { "uv": [ 0.75, 4, 1.75, 4.4375 ], "texture": "#main", "cullface": "north" }, 
                "east":  { "uv": [ 0, 4, 0.75, 4.4375 ], "texture": "#main", "cullface": "east" }, 
                "south": { "uv": [ 2.5, 4, 3.5, 4.4375 ], "texture": "#main", "cullface": "south" }, 
                "west":  { "uv": [ 1.75, 4, 2.5, 4.4375 ], "texture": "#main", "cullface": "west" }, 
                "up":    { "uv": [ 0.75, 3.25, 1.75, 4 ], "rotation":180, "texture": "#main", "cullface": "up" }, 
                "down":  { "uv": [ 1.75, 3.25, 2.75, 4 ], "texture": "#main", "cullface": "down" }
            }
        }, 
        {
            "from": [ 5, 22, 5 ], 
            "to":   [ 11, 28, 11 ], 
            "rotation": { "angle": 0, "axis": "y", "origin": [8, 22, 8] }, 
            "faces": {
                "north": { "uv": [ 0.375, 0.375, 0.75, 0.75 ], "texture": "#main", "cullface": "north" }, 
                "east":  { "uv": [ 0, 0.375, 0.375, 0.75 ], "texture": "#main", "cullface": "east" }, 
                "south": { "uv": [ 1.125, 0.375, 1.5, 0.75 ], "texture": "#main", "cullface": "south" }, 
                "west":  { "uv": [ 0.75, 0.375, 1.125, 0.75 ], "texture": "#main", "cullface": "west" }, 
                "up":    { "uv": [ 0.375, 0, 0.75, 0.375 ], "rotation":180, "texture": "#main", "cullface": "up" }, 
                "down":  { "uv": [ 0.75, 0, 1.125, 0.375 ], "texture": "#main", "cullface": "down" }
            }
        }, 
        {
            "from": [ 4.5, 21.5, 4.5 ], 
            "to":   [ 11.5, 28.5, 11.5 ], 
            "rotation": { "angle": 0, "axis": "y", "origin": [8, 22, 8] }, 
            "faces": {
                "north": { "uv": [ 3.25, 0.4375, 3.6875, 0.875 ], "texture": "#main", "cullface": "north" }, 
                "east":  { "uv": [ 2.8125, 0.4375, 3.25, 0.875 ], "texture": "#main", "cullface": "east" }, 
                "south": { "uv": [ 4.125, 0.4375, 4.5625, 0.875 ], "texture": "#main", "cullface": "south" }, 
                "west":  { "uv": [ 3.6875, 0.4375, 4.125, 0.875 ], "texture": "#main", "cullface": "west" }, 
                "up":    { "uv": [ 3.25, 0, 3.6875, 0.4375 ], "rotation":180, "texture": "#main", "cullface": "up" }, 
                "down":  { "uv": [ 3.6875, 0, 4.125, 0.4375 ], "texture": "#main", "cullface": "down" }
            }
        }, 
        {
            "from": [ 5, 10, 6.25 ], 
            "to":   [ 11, 14, 9.75 ], 
            "rotation": { "angle": 0, "axis": "y", "origin": [8, 14, 8] }, 
            "faces": {
                "north": { "uv": [ 2.0625, 0.9375, 2.4375, 1.1875 ], "texture": "#main", "cullface": "north" }, 
                "east":  { "uv": [ 1.875, 0.9375, 2.0625, 1.1875 ], "texture": "#main", "cullface": "east" }, 
                "south": { "uv": [ 2.625, 0.9375, 3, 1.1875 ], "texture": "#main", "cullface": "south" }, 
                "west":  { "uv": [ 2.4375, 0.9375, 2.625, 1.1875 ], "texture": "#main", "cullface": "west" }, 
                "up":    { "uv": [ 2.0625, 0.75, 2.4375, 0.9375 ], "rotation":180, "texture": "#main", "cullface": "up" }, 
                "down":  { "uv": [ 2.4375, 0.75, 2.8125, 0.9375 ], "texture": "#main", "cullface": "down" }
            }
        }, 
        {
            "from": [ 4.25, 16, 7 ], 
            "to":   [ 5.75, 22, 9 ], 
            "rotation": { "angle": -22.5, "axis": "z", "origin": [5, 21, 8] }, 
            "faces": {
                "north": { "uv": [ 0.125, 1.3125, 0.1875, 1.6875 ], "texture": "#main", "cullface": "north" }, 
                "east":  { "uv": [ 0, 1.3125, 0.125, 1.6875 ], "texture": "#main", "cullface": "east" }, 
                "south": { "uv": [ 0.3125, 1.3125, 0.375, 1.6875 ], "texture": "#main", "cullface": "south" }, 
                "west":  { "uv": [ 0.1875, 1.3125, 0.3125, 1.6875 ], "texture": "#main", "cullface": "west" }, 
                "up":    { "uv": [ 0.125, 1.1875, 0.1875, 1.3125 ], "rotation":180, "texture": "#main", "cullface": "up" }, 
                "down":  { "uv": [ 0.1875, 1.1875, 0.25, 1.3125 ], "texture": "#main", "cullface": "down" }
            }
        }, 
        {
            "from": [ 1.5, 14.5, 6.5 ], 
            "to":   [ 4.5, 16.5, 9.5 ], 
            "rotation": { "angle": -22.5, "axis": "z", "origin": [3, 16.5, 9] }, 
            "faces": {
                "north": { "uv": [ 0.5625, 1.375, 0.75, 1.5 ], "texture": "#main", "cullface": "north" }, 
                "east":  { "uv": [ 0.375, 1.375, 0.5625, 1.5 ], "texture": "#main", "cullface": "east" }, 
                "south": { "uv": [ 0.9375, 1.375, 1.125, 1.5 ], "texture": "#main", "cullface": "south" }, 
                "west":  { "uv": [ 0.75, 1.375, 0.9375, 1.5 ], "texture": "#main", "cullface": "west" }, 
                "up":    { "uv": [ 0.5625, 1.1875, 0.75, 1.375 ], "rotation":180, "texture": "#main", "cullface": "up" }, 
                "down":  { "uv": [ 0.75, 1.1875, 0.9375, 1.375 ], "texture": "#main", "cullface": "down" }
            }
        }, 
        {
            "from": [ 1, 11.5, 6 ], 
            "to":   [ 5, 14.5, 10 ], 
            "rotation": { "angle": -22.5, "axis": "z", "origin": [3, 16.5, 9] }, 
            "faces": {
                "north": { "uv": [ 1.375, 1.4375, 1.625, 1.625 ], "texture": "#main", "cullface": "north" }, 
                "east":  { "uv": [ 1.125, 1.4375, 1.375, 1.625 ], "texture": "#main", "cullface": "east" }, 
                "south": { "uv": [ 1.875, 1.4375, 2.125, 1.625 ], "texture": "#main", "cullface": "south" }, 
                "west":  { "uv": [ 1.625, 1.4375, 1.875, 1.625 ], "texture": "#main", "cullface": "west" }, 
                "up":    { "uv": [ 1.375, 1.1875, 1.625, 1.4375 ], "rotation":180, "texture": "#main", "cullface": "up" }, 
                "down":  { "uv": [ 1.625, 1.1875, 1.875, 1.4375 ], "texture": "#main", "cullface": "down" }
            }
        }, 
        {
            "from": [ 2.25, 10.5, 7 ], 
            "to":   [ 3.75, 16.5, 9 ], 
            "rotation": { "angle": -22.5, "axis": "z", "origin": [3, 16.5, 9] }, 
            "faces": {
                "north": { "uv": [ 2.25, 1.3125, 2.3125, 1.6875 ], "texture": "#main", "cullface": "north" }, 
                "east":  { "uv": [ 2.125, 1.3125, 2.25, 1.6875 ], "texture": "#main", "cullface": "east" }, 
                "south": { "uv": [ 2.4375, 1.3125, 2.5, 1.6875 ], "texture": "#main", "cullface": "south" }, 
                "west":  { "uv": [ 2.3125, 1.3125, 2.4375, 1.6875 ], "texture": "#main", "cullface": "west" }, 
                "up":    { "uv": [ 2.25, 1.1875, 2.3125, 1.3125 ], "rotation":180, "texture": "#main", "cullface": "up" }, 
                "down":  { "uv": [ 2.3125, 1.1875, 2.375, 1.3125 ], "texture": "#main", "cullface": "down" }
            }
        }, 
        {
            "from": [ 9, 1, 7 ], 
            "to":   [ 11, 7, 9 ], 
            "rotation": { "angle": -22.5, "axis": "z", "origin": [10, 11, 8] }, 
            "faces": {
                "north": { "uv": [ 0.625, 2.3125, 0.75, 2.6875 ], "texture": "#main", "cullface": "north" }, 
                "east":  { "uv": [ 0.5, 2.3125, 0.625, 2.6875 ], "texture": "#main", "cullface": "east" }, 
                "south": { "uv": [ 0.875, 2.3125, 1, 2.6875 ], "texture": "#main", "cullface": "south" }, 
                "west":  { "uv": [ 0.75, 2.3125, 0.875, 2.6875 ], "texture": "#main", "cullface": "west" }, 
                "up":    { "uv": [ 0.625, 2.1875, 0.75, 2.3125 ], "rotation":180, "texture": "#main", "cullface": "up" }, 
                "down":  { "uv": [ 0.75, 2.1875, 0.875, 2.3125 ], "texture": "#main", "cullface": "down" }
            }
        }, 
        {
            "from": [ 9, 7, 7 ], 
            "to":   [ 11, 11, 9 ], 
            "rotation": { "angle": -22.5, "axis": "z", "origin": [10, 11, 8] }, 
            "faces": {
                "north": { "uv": [ 0.125, 2.3125, 0.25, 2.5625 ], "texture": "#main", "cullface": "north" }, 
                "east":  { "uv": [ 0, 2.3125, 0.125, 2.5625 ], "texture": "#main", "cullface": "east" }, 
                "south": { "uv": [ 0.375, 2.3125, 0.5, 2.5625 ], "texture": "#main", "cullface": "south" }, 
                "west":  { "uv": [ 0.25, 2.3125, 0.375, 2.5625 ], "texture": "#main", "cullface": "west" }, 
                "up":    { "uv": [ 0.125, 2.1875, 0.25, 2.3125 ], "rotation":180, "texture": "#main", "cullface": "up" }, 
                "down":  { "uv": [ 0.25, 2.1875, 0.375, 2.3125 ], "texture": "#main", "cullface": "down" }
            }
        }, 
        {
            "from": [ 3.5, 5, 10 ], 
            "to":   [ 12.5, 8, 14 ], 
            "rotation": { "angle": -22.5, "axis": "x", "origin": [8, 8, 10] }, 
            "faces": {
                "north": { "uv": [ 3.125, 2.9375, 3.6875, 3.125 ], "texture": "#main", "cullface": "north" }, 
                "east":  { "uv": [ 2.875, 2.9375, 3.125, 3.125 ], "texture": "#main", "cullface": "east" }, 
                "south": { "uv": [ 3.9375, 2.9375, 4.5, 3.125 ], "texture": "#main", "cullface": "south" }, 
                "west":  { "uv": [ 3.6875, 2.9375, 3.9375, 3.125 ], "texture": "#main", "cullface": "west" }, 
                "up":    { "uv": [ 3.125, 2.6875, 3.6875, 2.9375 ], "rotation":180, "texture": "#main", "cullface": "up" }, 
                "down":  { "uv": [ 3.6875, 2.6875, 4.25, 2.9375 ], "texture": "#main", "cullface": "down" }
            }
        }, 
        {
            "from": [ 4, 6, 8.5 ], 
            "to":   [ 12, 7, 11.5 ], 
            "rotation": { "angle": 0, "axis": "y", "origin": [8, 10, 8] }, 
            "faces": {
                "north": { "uv": [ 4.6875, 2.875, 5.1875, 2.9375 ], "texture": "#main", "cullface": "north" }, 
                "east":  { "uv": [ 4.5, 2.875, 4.6875, 2.9375 ], "texture": "#main", "cullface": "east" }, 
                "south": { "uv": [ 5.375, 2.875, 5.875, 2.9375 ], "texture": "#main", "cullface": "south" }, 
                "west":  { "uv": [ 5.1875, 2.875, 5.375, 2.9375 ], "texture": "#main", "cullface": "west" }, 
                "up":    { "uv": [ 4.6875, 2.6875, 5.1875, 2.875 ], "rotation":180, "texture": "#main", "cullface": "up" }, 
                "down":  { "uv": [ 5.1875, 2.6875, 5.6875, 2.875 ], "texture": "#main", "cullface": "down" }
            }
        }, 
        {
            "from": [ 4, 7, 8 ], 
            "to":   [ 12, 11, 12 ], 
            "rotation": { "angle": -22.5, "axis": "x", "origin": [8, 11, 8] }, 
            "faces": {
                "north": { "uv": [ 1.625, 2.9375, 2.125, 3.1875 ], "texture": "#main", "cullface": "north" }, 
                "east":  { "uv": [ 1.375, 2.9375, 1.625, 3.1875 ], "texture": "#main", "cullface": "east" }, 
                "south": { "uv": [ 2.375, 2.9375, 2.875, 3.1875 ], "texture": "#main", "cullface": "south" }, 
                "west":  { "uv": [ 2.125, 2.9375, 2.375, 3.1875 ], "texture": "#main", "cullface": "west" }, 
                "up":    { "uv": [ 1.625, 2.6875, 2.125, 2.9375 ], "rotation":180, "texture": "#main", "cullface": "up" }, 
                "down":  { "uv": [ 2.125, 2.6875, 2.625, 2.9375 ], "texture": "#main", "cullface": "down" }
            }
        }, 
        {
            "from": [ 10.25, 16, 7 ], 
            "to":   [ 11.75, 22, 9 ], 
            "rotation": { "angle": 22.5, "axis": "z", "origin": [11, 21, 8] }, 
            "faces": {
                "north": { "uv": [ 0.125, 1.8125, 0.1875, 2.1875 ], "texture": "#main", "cullface": "north" }, 
                "east":  { "uv": [ 0, 1.8125, 0.125, 2.1875 ], "texture": "#main", "cullface": "east" }, 
                "south": { "uv": [ 0.3125, 1.8125, 0.375, 2.1875 ], "texture": "#main", "cullface": "south" }, 
                "west":  { "uv": [ 0.1875, 1.8125, 0.3125, 2.1875 ], "texture": "#main", "cullface": "west" }, 
                "up":    { "uv": [ 0.125, 1.6875, 0.1875, 1.8125 ], "rotation":180, "texture": "#main", "cullface": "up" }, 
                "down":  { "uv": [ 0.1875, 1.6875, 0.25, 1.8125 ], "texture": "#main", "cullface": "down" }
            }
        }, 
        {
            "from": [ 11.5, 15, 6.4 ], 
            "to":   [ 14.5, 17, 9.4 ], 
            "rotation": { "angle": 22.5, "axis": "z", "origin": [13, 17, 8.9] }, 
            "faces": {
                "north": { "uv": [ 0.5625, 1.875, 0.75, 2 ], "texture": "#main", "cullface": "north" }, 
                "east":  { "uv": [ 0.375, 1.875, 0.5625, 2 ], "texture": "#main", "cullface": "east" }, 
                "south": { "uv": [ 0.9375, 1.875, 1.125, 2 ], "texture": "#main", "cullface": "south" }, 
                "west":  { "uv": [ 0.75, 1.875, 0.9375, 2 ], "texture": "#main", "cullface": "west" }, 
                "up":    { "uv": [ 0.5625, 1.6875, 0.75, 1.875 ], "rotation":180, "texture": "#main", "cullface": "up" }, 
                "down":  { "uv": [ 0.75, 1.6875, 0.9375, 1.875 ], "texture": "#main", "cullface": "down" }
            }
        }, 
        {
            "from": [ 11, 12, 5.9 ], 
            "to":   [ 15, 15, 9.9 ], 
            "rotation": { "angle": 22.5, "axis": "z", "origin": [13, 17, 8.9] }, 
            "faces": {
                "north": { "uv": [ 1.375, 1.9375, 1.625, 2.125 ], "texture": "#main", "cullface": "north" }, 
                "east":  { "uv": [ 1.125, 1.9375, 1.375, 2.125 ], "texture": "#main", "cullface": "east" }, 
                "south": { "uv": [ 1.875, 1.9375, 2.125, 2.125 ], "texture": "#main", "cullface": "south" }, 
                "west":  { "uv": [ 1.625, 1.9375, 1.875, 2.125 ], "texture": "#main", "cullface": "west" }, 
                "up":    { "uv": [ 1.375, 1.6875, 1.625, 1.9375 ], "rotation":180, "texture": "#main", "cullface": "up" }, 
                "down":  { "uv": [ 1.625, 1.6875, 1.875, 1.9375 ], "texture": "#main", "cullface": "down" }
            }
        }, 
        {
            "from": [ 12.25, 11, 6.9 ], 
            "to":   [ 13.75, 17, 8.9 ], 
            "rotation": { "angle": 22.5, "axis": "z", "origin": [13, 17, 8.9] }, 
            "faces": {
                "north": { "uv": [ 2.25, 1.8125, 2.3125, 2.1875 ], "texture": "#main", "cullface": "north" }, 
                "east":  { "uv": [ 2.125, 1.8125, 2.25, 2.1875 ], "texture": "#main", "cullface": "east" }, 
                "south": { "uv": [ 2.4375, 1.8125, 2.5, 2.1875 ], "texture": "#main", "cullface": "south" }, 
                "west":  { "uv": [ 2.3125, 1.8125, 2.4375, 2.1875 ], "texture": "#main", "cullface": "west" }, 
                "up":    { "uv": [ 2.25, 1.6875, 2.3125, 1.8125 ], "rotation":180, "texture": "#main", "cullface": "up" }, 
                "down":  { "uv": [ 2.3125, 1.6875, 2.375, 1.8125 ], "texture": "#main", "cullface": "down" }
            }
        }, 
        {
            "from": [ 6, 1, 5 ], 
            "to":   [ 8, 7, 7 ], 
            "rotation": { "angle": -22.5, "axis": "x", "origin": [7, 7, 5] }, 
            "faces": {
                "north": { "uv": [ 1.625, 2.3125, 1.75, 2.6875 ], "texture": "#main", "cullface": "north" }, 
                "east":  { "uv": [ 1.5, 2.3125, 1.625, 2.6875 ], "texture": "#main", "cullface": "east" }, 
                "south": { "uv": [ 1.875, 2.3125, 2, 2.6875 ], "texture": "#main", "cullface": "south" }, 
                "west":  { "uv": [ 1.75, 2.3125, 1.875, 2.6875 ], "texture": "#main", "cullface": "west" }, 
                "up":    { "uv": [ 1.625, 2.1875, 1.75, 2.3125 ], "rotation":180, "texture": "#main", "cullface": "up" }, 
                "down":  { "uv": [ 1.75, 2.1875, 1.875, 2.3125 ], "texture": "#main", "cullface": "down" }
            }
        }, 
        {
            "from": [ 6, 7, 5 ], 
            "to":   [ 8, 11, 7 ], 
            "rotation": { "angle": 22.5, "axis": "x", "origin": [7, 7, 5] }, 
            "faces": {
                "north": { "uv": [ 1.125, 2.3125, 1.25, 2.5625 ], "texture": "#main", "cullface": "north" }, 
                "east":  { "uv": [ 1, 2.3125, 1.125, 2.5625 ], "texture": "#main", "cullface": "east" }, 
                "south": { "uv": [ 1.375, 2.3125, 1.5, 2.5625 ], "texture": "#main", "cullface": "south" }, 
                "west":  { "uv": [ 1.25, 2.3125, 1.375, 2.5625 ], "texture": "#main", "cullface": "west" }, 
                "up":    { "uv": [ 1.125, 2.1875, 1.25, 2.3125 ], "rotation":180, "texture": "#main", "cullface": "up" }, 
                "down":  { "uv": [ 1.25, 2.1875, 1.375, 2.3125 ], "texture": "#main", "cullface": "down" }
            }
        }, 
        {
            "from": [ 4.5, 11, 6 ], 
            "to":   [ 11.5, 16, 10 ], 
            "rotation": { "angle": 0, "axis": "y", "origin": [8, 16, 8] }, 
            "faces": {
                "north": { "uv": [ 0.25, 2.9375, 0.6875, 3.25 ], "texture": "#main", "cullface": "north" }, 
                "east":  { "uv": [ 0, 2.9375, 0.25, 3.25 ], "texture": "#main", "cullface": "east" }, 
                "south": { "uv": [ 0.9375, 2.9375, 1.375, 3.25 ], "texture": "#main", "cullface": "south" }, 
                "west":  { "uv": [ 0.6875, 2.9375, 0.9375, 3.25 ], "texture": "#main", "cullface": "west" }, 
                "up":    { "uv": [ 0.25, 2.6875, 0.6875, 2.9375 ], "rotation":180, "texture": "#main", "cullface": "up" }, 
                "down":  { "uv": [ 0.6875, 2.6875, 1.125, 2.9375 ], "texture": "#main", "cullface": "down" }
            }
        }, 
        {
            "from": [ 6, 15, 6.5 ], 
            "to":   [ 10, 18, 9.5 ], 
            "rotation": { "angle": 0, "axis": "y", "origin": [8, 18, 8] }, 
            "faces": {
                "north": { "uv": [ 1.1875, 0.9375, 1.4375, 1.125 ], "texture": "#main", "cullface": "north" }, 
                "east":  { "uv": [ 1, 0.9375, 1.1875, 1.125 ], "texture": "#main", "cullface": "east" }, 
                "south": { "uv": [ 1.625, 0.9375, 1.875, 1.125 ], "texture": "#main", "cullface": "south" }, 
                "west":  { "uv": [ 1.4375, 0.9375, 1.625, 1.125 ], "texture": "#main", "cullface": "west" }, 
                "up":    { "uv": [ 1.1875, 0.75, 1.4375, 0.9375 ], "rotation":180, "texture": "#main", "cullface": "up" }, 
                "down":  { "uv": [ 1.4375, 0.75, 1.6875, 0.9375 ], "texture": "#main", "cullface": "down" }
            }
        }, 
        {
            "from": [ 5.5, 18, 6.25 ], 
            "to":   [ 10.5, 22, 9.75 ], 
            "rotation": { "angle": 0, "axis": "y", "origin": [8, 22, 8] }, 
            "faces": {
                "north": { "uv": [ 8.1875, 0.9375, 8.5, 1.1875 ], "texture": "#main", "cullface": "north" }, 
                "east":  { "uv": [ 8, 0.9375, 8.1875, 1.1875 ], "texture": "#main", "cullface": "east" }, 
                "south": { "uv": [ 8.6875, 0.9375, 9, 1.1875 ], "texture": "#main", "cullface": "south" }, 
                "west":  { "uv": [ 8.5, 0.9375, 8.6875, 1.1875 ], "texture": "#main", "cullface": "west" }, 
                "up":    { "uv": [ 8.1875, 0.75, 8.5, 0.9375 ], "rotation":180, "texture": "#main", "cullface": "up" }, 
                "down":  { "uv": [ 8.5, 0.75, 8.8125, 0.9375 ], "texture": "#main", "cullface": "down" }
            }
        }, 
        {
            "from": [ 0, 10, 2 ], 
            "to":   [ 16, 17, 14 ], 
            "rotation": { "angle": 0, "axis": "y", "origin": [8, 14, 8] }, 
            "faces": {
                "north": { "uv": [ 8.75, 4, 9.75, 4.4375 ], "texture": "#main", "cullface": "north" }, 
                "east":  { "uv": [ 8, 4, 8.75, 4.4375 ], "texture": "#main", "cullface": "east" }, 
                "south": { "uv": [ 10.5, 4, 11.5, 4.4375 ], "texture": "#main", "cullface": "south" }, 
                "west":  { "uv": [ 9.75, 4, 10.5, 4.4375 ], "texture": "#main", "cullface": "west" }, 
                "up":    { "uv": [ 8.75, 3.25, 9.75, 4 ], "rotation":180, "texture": "#main", "cullface": "up" }, 
                "down":  { "uv": [ 9.75, 3.25, 10.75, 4 ], "texture": "#main", "cullface": "down" }
            }
        }, 
        {
            "from": [ 5, 22, 5 ], 
            "to":   [ 11, 28, 11 ], 
            "rotation": { "angle": 0, "axis": "y", "origin": [8, 22, 8] }, 
            "faces": {
                "north": { "uv": [ 8.375, 0.375, 8.75, 0.75 ], "texture": "#main", "cullface": "north" }, 
                "east":  { "uv": [ 8, 0.375, 8.375, 0.75 ], "texture": "#main", "cullface": "east" }, 
                "south": { "uv": [ 9.125, 0.375, 9.5, 0.75 ], "texture": "#main", "cullface": "south" }, 
                "west":  { "uv": [ 8.75, 0.375, 9.125, 0.75 ], "texture": "#main", "cullface": "west" }, 
                "up":    { "uv": [ 8.375, 0, 8.75, 0.375 ], "rotation":180, "texture": "#main", "cullface": "up" }, 
                "down":  { "uv": [ 8.75, 0, 9.125, 0.375 ], "texture": "#main", "cullface": "down" }
            }
        }, 
        {
            "from": [ 4.5, 21.5, 4.5 ], 
            "to":   [ 11.5, 28.5, 11.5 ], 
            "rotation": { "angle": 0, "axis": "y", "origin": [8, 22, 8] }, 
            "faces": {
                "north": { "uv": [ 11.25, 0.4375, 11.6875, 0.875 ], "texture": "#main", "cullface": "north" }, 
                "east":  { "uv": [ 10.8125, 0.4375, 11.25, 0.875 ], "texture": "#main", "cullface": "east" }, 
                "south": { "uv": [ 12.125, 0.4375, 12.5625, 0.875 ], "texture": "#main", "cullface": "south" }, 
                "west":  { "uv": [ 11.6875, 0.4375, 12.125, 0.875 ], "texture": "#main", "cullface": "west" }, 
                "up":    { "uv": [ 11.25, 0, 11.6875, 0.4375 ], "rotation":180, "texture": "#main", "cullface": "up" }, 
                "down":  { "uv": [ 11.6875, 0, 12.125, 0.4375 ], "texture": "#main", "cullface": "down" }
            }
        }, 
        {
            "from": [ 5, 10, 6.25 ], 
            "to":   [ 11, 14, 9.75 ], 
            "rotation": { "angle": 0, "axis": "y", "origin": [8, 14, 8] }, 
            "faces": {
                "north": { "uv": [ 10.0625, 0.9375, 10.4375, 1.1875 ], "texture": "#main", "cullface": "north" }, 
                "east":  { "uv": [ 9.875, 0.9375, 10.0625, 1.1875 ], "texture": "#main", "cullface": "east" }, 
                "south": { "uv": [ 10.625, 0.9375, 11, 1.1875 ], "texture": "#main", "cullface": "south" }, 
                "west":  { "uv": [ 10.4375, 0.9375, 10.625, 1.1875 ], "texture": "#main", "cullface": "west" }, 
                "up":    { "uv": [ 10.0625, 0.75, 10.4375, 0.9375 ], "rotation":180, "texture": "#main", "cullface": "up" }, 
                "down":  { "uv": [ 10.4375, 0.75, 10.8125, 0.9375 ], "texture": "#main", "cullface": "down" }
            }
        }, 
        {
            "from": [ 4.25, 16, 7 ], 
            "to":   [ 5.75, 22, 9 ], 
            "rotation": { "angle": -22.5, "axis": "z", "origin": [5, 21, 8] }, 
            "faces": {
                "north": { "uv": [ 8.125, 1.3125, 8.1875, 1.6875 ], "texture": "#main", "cullface": "north" }, 
                "east":  { "uv": [ 8, 1.3125, 8.125, 1.6875 ], "texture": "#main", "cullface": "east" }, 
                "south": { "uv": [ 8.3125, 1.3125, 8.375, 1.6875 ], "texture": "#main", "cullface": "south" }, 
                "west":  { "uv": [ 8.1875, 1.3125, 8.3125, 1.6875 ], "texture": "#main", "cullface": "west" }, 
                "up":    { "uv": [ 8.125, 1.1875, 8.1875, 1.3125 ], "rotation":180, "texture": "#main", "cullface": "up" }, 
                "down":  { "uv": [ 8.1875, 1.1875, 8.25, 1.3125 ], "texture": "#main", "cullface": "down" }
            }
        }, 
        {
            "from": [ 1.5, 14.5, 6.5 ], 
            "to":   [ 4.5, 16.5, 9.5 ], 
            "rotation": { "angle": -22.5, "axis": "z", "origin": [3, 16.5, 9] }, 
            "faces": {
                "north": { "uv": [ 8.5625, 1.375, 8.75, 1.5 ], "texture": "#main", "cullface": "north" }, 
                "east":  { "uv": [ 8.375, 1.375, 8.5625, 1.5 ], "texture": "#main", "cullface": "east" }, 
                "south": { "uv": [ 8.9375, 1.375, 9.125, 1.5 ], "texture": "#main", "cullface": "south" }, 
                "west":  { "uv": [ 8.75, 1.375, 8.9375, 1.5 ], "texture": "#main", "cullface": "west" }, 
                "up":    { "uv": [ 8.5625, 1.1875, 8.75, 1.375 ], "rotation":180, "texture": "#main", "cullface": "up" }, 
                "down":  { "uv": [ 8.75, 1.1875, 8.9375, 1.375 ], "texture": "#main", "cullface": "down" }
            }
        }, 
        {
            "from": [ 1, 11.5, 6 ], 
            "to":   [ 5, 14.5, 10 ], 
            "rotation": { "angle": -22.5, "axis": "z", "origin": [3, 16.5, 9] }, 
            "faces": {
                "north": { "uv": [ 9.375, 1.4375, 9.625, 1.625 ], "texture": "#main", "cullface": "north" }, 
                "east":  { "uv": [ 9.125, 1.4375, 9.375, 1.625 ], "texture": "#main", "cullface": "east" }, 
                "south": { "uv": [ 9.875, 1.4375, 10.125, 1.625 ], "texture": "#main", "cullface": "south" }, 
                "west":  { "uv": [ 9.625, 1.4375, 9.875, 1.625 ], "texture": "#main", "cullface": "west" }, 
                "up":    { "uv": [ 9.375, 1.1875, 9.625, 1.4375 ], "rotation":180, "texture": "#main", "cullface": "up" }, 
                "down":  { "uv": [ 9.625, 1.1875, 9.875, 1.4375 ], "texture": "#main", "cullface": "down" }
            }
        }, 
        {
            "from": [ 2.25, 10.5, 7 ], 
            "to":   [ 3.75, 16.5, 9 ], 
            "rotation": { "angle": -22.5, "axis": "z", "origin": [3, 16.5, 9] }, 
            "faces": {
                "north": { "uv": [ 10.25, 1.3125, 10.3125, 1.6875 ], "texture": "#main", "cullface": "north" }, 
                "east":  { "uv": [ 10.125, 1.3125, 10.25, 1.6875 ], "texture": "#main", "cullface": "east" }, 
                "south": { "uv": [ 10.4375, 1.3125, 10.5, 1.6875 ], "texture": "#main", "cullface": "south" }, 
                "west":  { "uv": [ 10.3125, 1.3125, 10.4375, 1.6875 ], "texture": "#main", "cullface": "west" }, 
                "up":    { "uv": [ 10.25, 1.1875, 10.3125, 1.3125 ], "rotation":180, "texture": "#main", "cullface": "up" }, 
                "down":  { "uv": [ 10.3125, 1.1875, 10.375, 1.3125 ], "texture": "#main", "cullface": "down" }
            }
        }, 
        {
            "from": [ 9, 0, 7 ], 
            "to":   [ 11, 6, 9 ], 
            "rotation": { "angle": 0, "axis": "y", "origin": [10, 6, 7] }, 
            "faces": {
                "north": { "uv": [ 8.625, 2.3125, 8.75, 2.6875 ], "texture": "#main", "cullface": "north" }, 
                "east":  { "uv": [ 8.5, 2.3125, 8.625, 2.6875 ], "texture": "#main", "cullface": "east" }, 
                "south": { "uv": [ 8.875, 2.3125, 9, 2.6875 ], "texture": "#main", "cullface": "south" }, 
                "west":  { "uv": [ 8.75, 2.3125, 8.875, 2.6875 ], "texture": "#main", "cullface": "west" }, 
                "up":    { "uv": [ 8.625, 2.1875, 8.75, 2.3125 ], "rotation":180, "texture": "#main", "cullface": "up" }, 
                "down":  { "uv": [ 8.75, 2.1875, 8.875, 2.3125 ], "texture": "#main", "cullface": "down" }
            }
        }, 
        {
            "from": [ 9, 6, 7 ], 
            "to":   [ 11, 10, 9 ], 
            "rotation": { "angle": 0, "axis": "y", "origin": [10, 10, 8] }, 
            "faces": {
                "north": { "uv": [ 8.125, 2.3125, 8.25, 2.5625 ], "texture": "#main", "cullface": "north" }, 
                "east":  { "uv": [ 8, 2.3125, 8.125, 2.5625 ], "texture": "#main", "cullface": "east" }, 
                "south": { "uv": [ 8.375, 2.3125, 8.5, 2.5625 ], "texture": "#main", "cullface": "south" }, 
                "west":  { "uv": [ 8.25, 2.3125, 8.375, 2.5625 ], "texture": "#main", "cullface": "west" }, 
                "up":    { "uv": [ 8.125, 2.1875, 8.25, 2.3125 ], "rotation":180, "texture": "#main", "cullface": "up" }, 
                "down":  { "uv": [ 8.25, 2.1875, 8.375, 2.3125 ], "texture": "#main", "cullface": "down" }
            }
        }, 
        {
            "from": [ 3.5, 5, 10 ], 
            "to":   [ 12.5, 8, 14 ], 
            "rotation": { "angle": -22.5, "axis": "x", "origin": [8, 8, 10] }, 
            "faces": {
                "north": { "uv": [ 11.125, 2.9375, 11.6875, 3.125 ], "texture": "#main", "cullface": "north" }, 
                "east":  { "uv": [ 10.875, 2.9375, 11.125, 3.125 ], "texture": "#main", "cullface": "east" }, 
                "south": { "uv": [ 11.9375, 2.9375, 12.5, 3.125 ], "texture": "#main", "cullface": "south" }, 
                "west":  { "uv": [ 11.6875, 2.9375, 11.9375, 3.125 ], "texture": "#main", "cullface": "west" }, 
                "up":    { "uv": [ 11.125, 2.6875, 11.6875, 2.9375 ], "rotation":180, "texture": "#main", "cullface": "up" }, 
                "down":  { "uv": [ 11.6875, 2.6875, 12.25, 2.9375 ], "texture": "#main", "cullface": "down" }
            }
        }, 
        {
            "from": [ 4, 6, 8.5 ], 
            "to":   [ 12, 7, 11.5 ], 
            "rotation": { "angle": 0, "axis": "y", "origin": [8, 10, 8] }, 
            "faces": {
                "north": { "uv": [ 12.6875, 2.875, 13.1875, 2.9375 ], "texture": "#main", "cullface": "north" }, 
                "east":  { "uv": [ 12.5, 2.875, 12.6875, 2.9375 ], "texture": "#main", "cullface": "east" }, 
                "south": { "uv": [ 13.375, 2.875, 13.875, 2.9375 ], "texture": "#main", "cullface": "south" }, 
                "west":  { "uv": [ 13.1875, 2.875, 13.375, 2.9375 ], "texture": "#main", "cullface": "west" }, 
                "up":    { "uv": [ 12.6875, 2.6875, 13.1875, 2.875 ], "rotation":180, "texture": "#main", "cullface": "up" }, 
                "down":  { "uv": [ 13.1875, 2.6875, 13.6875, 2.875 ], "texture": "#main", "cullface": "down" }
            }
        }, 
        {
            "from": [ 4, 7, 8 ], 
            "to":   [ 12, 11, 12 ], 
            "rotation": { "angle": -22.5, "axis": "x", "origin": [8, 11, 8] }, 
            "faces": {
                "north": { "uv": [ 9.625, 2.9375, 10.125, 3.1875 ], "texture": "#main", "cullface": "north" }, 
                "east":  { "uv": [ 9.375, 2.9375, 9.625, 3.1875 ], "texture": "#main", "cullface": "east" }, 
                "south": { "uv": [ 10.375, 2.9375, 10.875, 3.1875 ], "texture": "#main", "cullface": "south" }, 
                "west":  { "uv": [ 10.125, 2.9375, 10.375, 3.1875 ], "texture": "#main", "cullface": "west" }, 
                "up":    { "uv": [ 9.625, 2.6875, 10.125, 2.9375 ], "rotation":180, "texture": "#main", "cullface": "up" }, 
                "down":  { "uv": [ 10.125, 2.6875, 10.625, 2.9375 ], "texture": "#main", "cullface": "down" }
            }
        }, 
        {
            "from": [ 10.25, 16, 7 ], 
            "to":   [ 11.75, 22, 9 ], 
            "rotation": { "angle": 22.5, "axis": "z", "origin": [11, 21, 8] }, 
            "faces": {
                "north": { "uv": [ 8.125, 1.8125, 8.1875, 2.1875 ], "texture": "#main", "cullface": "north" }, 
                "east":  { "uv": [ 8, 1.8125, 8.125, 2.1875 ], "texture": "#main", "cullface": "east" }, 
                "south": { "uv": [ 8.3125, 1.8125, 8.375, 2.1875 ], "texture": "#main", "cullface": "south" }, 
                "west":  { "uv": [ 8.1875, 1.8125, 8.3125, 2.1875 ], "texture": "#main", "cullface": "west" }, 
                "up":    { "uv": [ 8.125, 1.6875, 8.1875, 1.8125 ], "rotation":180, "texture": "#main", "cullface": "up" }, 
                "down":  { "uv": [ 8.1875, 1.6875, 8.25, 1.8125 ], "texture": "#main", "cullface": "down" }
            }
        }, 
        {
            "from": [ 11.5, 15, 6.3 ], 
            "to":   [ 14.5, 17, 9.3 ], 
            "rotation": { "angle": 22.5, "axis": "z", "origin": [13, 17, 8.8] }, 
            "faces": {
                "north": { "uv": [ 8.5625, 1.875, 8.75, 2 ], "texture": "#main", "cullface": "north" }, 
                "east":  { "uv": [ 8.375, 1.875, 8.5625, 2 ], "texture": "#main", "cullface": "east" }, 
                "south": { "uv": [ 8.9375, 1.875, 9.125, 2 ], "texture": "#main", "cullface": "south" }, 
                "west":  { "uv": [ 8.75, 1.875, 8.9375, 2 ], "texture": "#main", "cullface": "west" }, 
                "up":    { "uv": [ 8.5625, 1.6875, 8.75, 1.875 ], "rotation":180, "texture": "#main", "cullface": "up" }, 
                "down":  { "uv": [ 8.75, 1.6875, 8.9375, 1.875 ], "texture": "#main", "cullface": "down" }
            }
        }, 
        {
            "from": [ 11, 12, 5.8 ], 
            "to":   [ 15, 15, 9.8 ], 
            "rotation": { "angle": 22.5, "axis": "z", "origin": [13, 17, 8.8] }, 
            "faces": {
                "north": { "uv": [ 9.375, 1.9375, 9.625, 2.125 ], "texture": "#main", "cullface": "north" }, 
                "east":  { "uv": [ 9.125, 1.9375, 9.375, 2.125 ], "texture": "#main", "cullface": "east" }, 
                "south": { "uv": [ 9.875, 1.9375, 10.125, 2.125 ], "texture": "#main", "cullface": "south" }, 
                "west":  { "uv": [ 9.625, 1.9375, 9.875, 2.125 ], "texture": "#main", "cullface": "west" }, 
                "up":    { "uv": [ 9.375, 1.6875, 9.625, 1.9375 ], "rotation":180, "texture": "#main", "cullface": "up" }, 
                "down":  { "uv": [ 9.625, 1.6875, 9.875, 1.9375 ], "texture": "#main", "cullface": "down" }
            }
        }, 
        {
            "from": [ 12.25, 11, 6.8 ], 
            "to":   [ 13.75, 17, 8.8 ], 
            "rotation": { "angle": 22.5, "axis": "z", "origin": [13, 17, 8.8] }, 
            "faces": {
                "north": { "uv": [ 10.25, 1.8125, 10.3125, 2.1875 ], "texture": "#main", "cullface": "north" }, 
                "east":  { "uv": [ 10.125, 1.8125, 10.25, 2.1875 ], "texture": "#main", "cullface": "east" }, 
                "south": { "uv": [ 10.4375, 1.8125, 10.5, 2.1875 ], "texture": "#main", "cullface": "south" }, 
                "west":  { "uv": [ 10.3125, 1.8125, 10.4375, 2.1875 ], "texture": "#main", "cullface": "west" }, 
                "up":    { "uv": [ 10.25, 1.6875, 10.3125, 1.8125 ], "rotation":180, "texture": "#main", "cullface": "up" }, 
                "down":  { "uv": [ 10.3125, 1.6875, 10.375, 1.8125 ], "texture": "#main", "cullface": "down" }
            }
        }, 
        {
            "from": [ 5, 0, 7 ], 
            "to":   [ 7, 6, 9 ], 
            "rotation": { "angle": -22.5, "axis": "x", "origin": [6, 6, 7] }, 
            "faces": {
                "north": { "uv": [ 9.625, 2.3125, 9.75, 2.6875 ], "texture": "#main", "cullface": "north" }, 
                "east":  { "uv": [ 9.5, 2.3125, 9.625, 2.6875 ], "texture": "#main", "cullface": "east" }, 
                "south": { "uv": [ 9.875, 2.3125, 10, 2.6875 ], "texture": "#main", "cullface": "south" }, 
                "west":  { "uv": [ 9.75, 2.3125, 9.875, 2.6875 ], "texture": "#main", "cullface": "west" }, 
                "up":    { "uv": [ 9.625, 2.1875, 9.75, 2.3125 ], "rotation":180, "texture": "#main", "cullface": "up" }, 
                "down":  { "uv": [ 9.75, 2.1875, 9.875, 2.3125 ], "texture": "#main", "cullface": "down" }
            }
        }, 
        {
            "from": [ 5, 6, 7 ], 
            "to":   [ 7, 10, 9 ], 
            "rotation": { "angle": 0, "axis": "x", "origin": [6, 10, 8] }, 
            "faces": {
                "north": { "uv": [ 9.125, 2.3125, 9.25, 2.5625 ], "texture": "#main", "cullface": "north" }, 
                "east":  { "uv": [ 9, 2.3125, 9.125, 2.5625 ], "texture": "#main", "cullface": "east" }, 
                "south": { "uv": [ 9.375, 2.3125, 9.5, 2.5625 ], "texture": "#main", "cullface": "south" }, 
                "west":  { "uv": [ 9.25, 2.3125, 9.375, 2.5625 ], "texture": "#main", "cullface": "west" }, 
                "up":    { "uv": [ 9.125, 2.1875, 9.25, 2.3125 ], "rotation":180, "texture": "#main", "cullface": "up" }, 
                "down":  { "uv": [ 9.25, 2.1875, 9.375, 2.3125 ], "texture": "#main", "cullface": "down" }
            }
        }, 
        {
            "from": [ 4.5, 11, 6 ], 
            "to":   [ 11.5, 16, 10 ], 
            "rotation": { "angle": 0, "axis": "y", "origin": [8, 16, 8] }, 
            "faces": {
                "north": { "uv": [ 8.25, 2.9375, 8.6875, 3.25 ], "texture": "#main", "cullface": "north" }, 
                "east":  { "uv": [ 8, 2.9375, 8.25, 3.25 ], "texture": "#main", "cullface": "east" }, 
                "south": { "uv": [ 8.9375, 2.9375, 9.375, 3.25 ], "texture": "#main", "cullface": "south" }, 
                "west":  { "uv": [ 8.6875, 2.9375, 8.9375, 3.25 ], "texture": "#main", "cullface": "west" }, 
                "up":    { "uv": [ 8.25, 2.6875, 8.6875, 2.9375 ], "rotation":180, "texture": "#main", "cullface": "up" }, 
                "down":  { "uv": [ 8.6875, 2.6875, 9.125, 2.9375 ], "texture": "#main", "cullface": "down" }
            }
        }, 
        {
            "from": [ 6, 15, 6.5 ], 
            "to":   [ 10, 18, 9.5 ], 
            "rotation": { "angle": 0, "axis": "y", "origin": [8, 18, 8] }, 
            "faces": {
                "north": { "uv": [ 9.1875, 0.9375, 9.4375, 1.125 ], "texture": "#main", "cullface": "north" }, 
                "east":  { "uv": [ 9, 0.9375, 9.1875, 1.125 ], "texture": "#main", "cullface": "east" }, 
                "south": { "uv": [ 9.625, 0.9375, 9.875, 1.125 ], "texture": "#main", "cullface": "south" }, 
                "west":  { "uv": [ 9.4375, 0.9375, 9.625, 1.125 ], "texture": "#main", "cullface": "west" }, 
                "up":    { "uv": [ 9.1875, 0.75, 9.4375, 0.9375 ], "rotation":180, "texture": "#main", "cullface": "up" }, 
                "down":  { "uv": [ 9.4375, 0.75, 9.6875, 0.9375 ], "texture": "#main", "cullface": "down" }
            }
        }, 
        {
            "from": [ 5.5, 18, 6.25 ], 
            "to":   [ 10.5, 22, 9.75 ], 
            "rotation": { "angle": 0, "axis": "y", "origin": [8, 22, 8] }, 
            "faces": {
                "north": { "uv": [ 0.1875, 8.9375, 0.5, 9.1875 ], "texture": "#main", "cullface": "north" }, 
                "east":  { "uv": [ 0, 8.9375, 0.1875, 9.1875 ], "texture": "#main", "cullface": "east" }, 
                "south": { "uv": [ 0.6875, 8.9375, 1, 9.1875 ], "texture": "#main", "cullface": "south" }, 
                "west":  { "uv": [ 0.5, 8.9375, 0.6875, 9.1875 ], "texture": "#main", "cullface": "west" }, 
                "up":    { "uv": [ 0.1875, 8.75, 0.5, 8.9375 ], "rotation":180, "texture": "#main", "cullface": "up" }, 
                "down":  { "uv": [ 0.5, 8.75, 0.8125, 8.9375 ], "texture": "#main", "cullface": "down" }
            }
        }, 
        {
            "from": [ 0, 10, 2 ], 
            "to":   [ 16, 17, 14 ], 
            "rotation": { "angle": -22.5, "axis": "x", "origin": [8, 14, 8] }, 
            "faces": {
                "north": { "uv": [ 0.75, 12, 1.75, 12.4375 ], "texture": "#main", "cullface": "north" }, 
                "east":  { "uv": [ 0, 12, 0.75, 12.4375 ], "texture": "#main", "cullface": "east" }, 
                "south": { "uv": [ 2.5, 12, 3.5, 12.4375 ], "texture": "#main", "cullface": "south" }, 
                "west":  { "uv": [ 1.75, 12, 2.5, 12.4375 ], "texture": "#main", "cullface": "west" }, 
                "up":    { "uv": [ 0.75, 11.25, 1.75, 12 ], "rotation":180, "texture": "#main", "cullface": "up" }, 
                "down":  { "uv": [ 1.75, 11.25, 2.75, 12 ], "texture": "#main", "cullface": "down" }
            }
        }, 
        {
            "from": [ 5, 22, 5 ], 
            "to":   [ 11, 28, 11 ], 
            "rotation": { "angle": 0, "axis": "y", "origin": [8, 22, 8] }, 
            "faces": {
                "north": { "uv": [ 0.375, 8.375, 0.75, 8.75 ], "texture": "#main", "cullface": "north" }, 
                "east":  { "uv": [ 0, 8.375, 0.375, 8.75 ], "texture": "#main", "cullface": "east" }, 
                "south": { "uv": [ 1.125, 8.375, 1.5, 8.75 ], "texture": "#main", "cullface": "south" }, 
                "west":  { "uv": [ 0.75, 8.375, 1.125, 8.75 ], "texture": "#main", "cullface": "west" }, 
                "up":    { "uv": [ 0.375, 8, 0.75, 8.375 ], "rotation":180, "texture": "#main", "cullface": "up" }, 
                "down":  { "uv": [ 0.75, 8, 1.125, 8.375 ], "texture": "#main", "cullface": "down" }
            }
        }, 
        {
            "from": [ 4.5, 21.5, 4.5 ], 
            "to":   [ 11.5, 28.5, 11.5 ], 
            "rotation": { "angle": 0, "axis": "y", "origin": [8, 22, 8] }, 
            "faces": {
                "north": { "uv": [ 3.25, 8.4375, 3.6875, 8.875 ], "texture": "#main", "cullface": "north" }, 
                "east":  { "uv": [ 2.8125, 8.4375, 3.25, 8.875 ], "texture": "#main", "cullface": "east" }, 
                "south": { "uv": [ 4.125, 8.4375, 4.5625, 8.875 ], "texture": "#main", "cullface": "south" }, 
                "west":  { "uv": [ 3.6875, 8.4375, 4.125, 8.875 ], "texture": "#main", "cullface": "west" }, 
                "up":    { "uv": [ 3.25, 8, 3.6875, 8.4375 ], "rotation":180, "texture": "#main", "cullface": "up" }, 
                "down":  { "uv": [ 3.6875, 8, 4.125, 8.4375 ], "texture": "#main", "cullface": "down" }
            }
        }, 
        {
            "from": [ 5, 10, 6.25 ], 
            "to":   [ 11, 14, 9.75 ], 
            "rotation": { "angle": -22.5, "axis": "x", "origin": [8, 14, 8] }, 
            "faces": {
                "north": { "uv": [ 2.0625, 8.9375, 2.4375, 9.1875 ], "texture": "#main", "cullface": "north" }, 
                "east":  { "uv": [ 1.875, 8.9375, 2.0625, 9.1875 ], "texture": "#main", "cullface": "east" }, 
                "south": { "uv": [ 2.625, 8.9375, 3, 9.1875 ], "texture": "#main", "cullface": "south" }, 
                "west":  { "uv": [ 2.4375, 8.9375, 2.625, 9.1875 ], "texture": "#main", "cullface": "west" }, 
                "up":    { "uv": [ 2.0625, 8.75, 2.4375, 8.9375 ], "rotation":180, "texture": "#main", "cullface": "up" }, 
                "down":  { "uv": [ 2.4375, 8.75, 2.8125, 8.9375 ], "texture": "#main", "cullface": "down" }
            }
        }, 
        {
            "from": [ 4.25, 16, 7 ], 
            "to":   [ 5.75, 22, 9 ], 
            "rotation": { "angle": -22.5, "axis": "x", "origin": [5, 21, 8] }, 
            "faces": {
                "north": { "uv": [ 0.125, 9.3125, 0.1875, 9.6875 ], "texture": "#main", "cullface": "north" }, 
                "east":  { "uv": [ 0, 9.3125, 0.125, 9.6875 ], "texture": "#main", "cullface": "east" }, 
                "south": { "uv": [ 0.3125, 9.3125, 0.375, 9.6875 ], "texture": "#main", "cullface": "south" }, 
                "west":  { "uv": [ 0.1875, 9.3125, 0.3125, 9.6875 ], "texture": "#main", "cullface": "west" }, 
                "up":    { "uv": [ 0.125, 9.1875, 0.1875, 9.3125 ], "rotation":180, "texture": "#main", "cullface": "up" }, 
                "down":  { "uv": [ 0.1875, 9.1875, 0.25, 9.3125 ], "texture": "#main", "cullface": "down" }
            }
        }, 
        {
            "from": [ 3.4, 15.6, 8 ], 
            "to":   [ 6.4, 17.6, 11 ], 
            "rotation": { "angle": -22.5, "axis": "x", "origin": [4.9, 17.6, 10.5] }, 
            "faces": {
                "north": { "uv": [ 0.5625, 9.375, 0.75, 9.5 ], "texture": "#main", "cullface": "north" }, 
                "east":  { "uv": [ 0.375, 9.375, 0.5625, 9.5 ], "texture": "#main", "cullface": "east" }, 
                "south": { "uv": [ 0.9375, 9.375, 1.125, 9.5 ], "texture": "#main", "cullface": "south" }, 
                "west":  { "uv": [ 0.75, 9.375, 0.9375, 9.5 ], "texture": "#main", "cullface": "west" }, 
                "up":    { "uv": [ 0.5625, 9.1875, 0.75, 9.375 ], "rotation":180, "texture": "#main", "cullface": "up" }, 
                "down":  { "uv": [ 0.75, 9.1875, 0.9375, 9.375 ], "texture": "#main", "cullface": "down" }
            }
        }, 
        {
            "from": [ 2.9, 12.6, 7.5 ], 
            "to":   [ 6.9, 15.6, 11.5 ], 
            "rotation": { "angle": -22.5, "axis": "x", "origin": [4.9, 17.6, 10.5] }, 
            "faces": {
                "north": { "uv": [ 1.375, 9.4375, 1.625, 9.625 ], "texture": "#main", "cullface": "north" }, 
                "east":  { "uv": [ 1.125, 9.4375, 1.375, 9.625 ], "texture": "#main", "cullface": "east" }, 
                "south": { "uv": [ 1.875, 9.4375, 2.125, 9.625 ], "texture": "#main", "cullface": "south" }, 
                "west":  { "uv": [ 1.625, 9.4375, 1.875, 9.625 ], "texture": "#main", "cullface": "west" }, 
                "up":    { "uv": [ 1.375, 9.1875, 1.625, 9.4375 ], "rotation":180, "texture": "#main", "cullface": "up" }, 
                "down":  { "uv": [ 1.625, 9.1875, 1.875, 9.4375 ], "texture": "#main", "cullface": "down" }
            }
        }, 
        {
            "from": [ 4.15, 11.6, 8.5 ], 
            "to":   [ 5.65, 17.6, 10.5 ], 
            "rotation": { "angle": -22.5, "axis": "x", "origin": [4.9, 17.6, 10.5] }, 
            "faces": {
                "north": { "uv": [ 2.25, 9.3125, 2.3125, 9.6875 ], "texture": "#main", "cullface": "north" }, 
                "east":  { "uv": [ 2.125, 9.3125, 2.25, 9.6875 ], "texture": "#main", "cullface": "east" }, 
                "south": { "uv": [ 2.4375, 9.3125, 2.5, 9.6875 ], "texture": "#main", "cullface": "south" }, 
                "west":  { "uv": [ 2.3125, 9.3125, 2.4375, 9.6875 ], "texture": "#main", "cullface": "west" }, 
                "up":    { "uv": [ 2.25, 9.1875, 2.3125, 9.3125 ], "rotation":180, "texture": "#main", "cullface": "up" }, 
                "down":  { "uv": [ 2.3125, 9.1875, 2.375, 9.3125 ], "texture": "#main", "cullface": "down" }
            }
        }, 
        {
            "from": [ 9, 0.3, 9.6 ], 
            "to":   [ 11, 6.3, 11.6 ], 
            "rotation": { "angle": -22.5, "axis": "x", "origin": [10, 6.3, 9.6] }, 
            "faces": {
                "north": { "uv": [ 0.625, 10.3125, 0.75, 10.6875 ], "texture": "#main", "cullface": "north" }, 
                "east":  { "uv": [ 0.5, 10.3125, 0.625, 10.6875 ], "texture": "#main", "cullface": "east" }, 
                "south": { "uv": [ 0.875, 10.3125, 1, 10.6875 ], "texture": "#main", "cullface": "south" }, 
                "west":  { "uv": [ 0.75, 10.3125, 0.875, 10.6875 ], "texture": "#main", "cullface": "west" }, 
                "up":    { "uv": [ 0.625, 10.1875, 0.75, 10.3125 ], "rotation":180, "texture": "#main", "cullface": "up" }, 
                "down":  { "uv": [ 0.75, 10.1875, 0.875, 10.3125 ], "texture": "#main", "cullface": "down" }
            }
        }, 
        {
            "from": [ 9, 6.4, 8 ], 
            "to":   [ 11, 10.4, 10 ], 
            "rotation": { "angle": -22.5, "axis": "x", "origin": [10, 10.4, 9] }, 
            "faces": {
                "north": { "uv": [ 0.125, 10.3125, 0.25, 10.5625 ], "texture": "#main", "cullface": "north" }, 
                "east":  { "uv": [ 0, 10.3125, 0.125, 10.5625 ], "texture": "#main", "cullface": "east" }, 
                "south": { "uv": [ 0.375, 10.3125, 0.5, 10.5625 ], "texture": "#main", "cullface": "south" }, 
                "west":  { "uv": [ 0.25, 10.3125, 0.375, 10.5625 ], "texture": "#main", "cullface": "west" }, 
                "up":    { "uv": [ 0.125, 10.1875, 0.25, 10.3125 ], "rotation":180, "texture": "#main", "cullface": "up" }, 
                "down":  { "uv": [ 0.25, 10.1875, 0.375, 10.3125 ], "texture": "#main", "cullface": "down" }
            }
        }, 
        {
            "from": [ 3.5, 5, 10 ], 
            "to":   [ 12.5, 8, 14 ], 
            "rotation": { "angle": -22.5, "axis": "x", "origin": [8, 8, 10] }, 
            "faces": {
                "north": { "uv": [ 3.125, 10.9375, 3.6875, 11.125 ], "texture": "#main", "cullface": "north" }, 
                "east":  { "uv": [ 2.875, 10.9375, 3.125, 11.125 ], "texture": "#main", "cullface": "east" }, 
                "south": { "uv": [ 3.9375, 10.9375, 4.5, 11.125 ], "texture": "#main", "cullface": "south" }, 
                "west":  { "uv": [ 3.6875, 10.9375, 3.9375, 11.125 ], "texture": "#main", "cullface": "west" }, 
                "up":    { "uv": [ 3.125, 10.6875, 3.6875, 10.9375 ], "rotation":180, "texture": "#main", "cullface": "up" }, 
                "down":  { "uv": [ 3.6875, 10.6875, 4.25, 10.9375 ], "texture": "#main", "cullface": "down" }
            }
        }, 
        {
            "from": [ 4, 6, 8.5 ], 
            "to":   [ 12, 7, 11.5 ], 
            "rotation": { "angle": 0, "axis": "y", "origin": [8, 10, 8] }, 
            "faces": {
                "north": { "uv": [ 4.6875, 10.875, 5.1875, 10.9375 ], "texture": "#main", "cullface": "north" }, 
                "east":  { "uv": [ 4.5, 10.875, 4.6875, 10.9375 ], "texture": "#main", "cullface": "east" }, 
                "south": { "uv": [ 5.375, 10.875, 5.875, 10.9375 ], "texture": "#main", "cullface": "south" }, 
                "west":  { "uv": [ 5.1875, 10.875, 5.375, 10.9375 ], "texture": "#main", "cullface": "west" }, 
                "up":    { "uv": [ 4.6875, 10.6875, 5.1875, 10.875 ], "rotation":180, "texture": "#main", "cullface": "up" }, 
                "down":  { "uv": [ 5.1875, 10.6875, 5.6875, 10.875 ], "texture": "#main", "cullface": "down" }
            }
        }, 
        {
            "from": [ 4, 7, 8 ], 
            "to":   [ 12, 11, 12 ], 
            "rotation": { "angle": -22.5, "axis": "x", "origin": [8, 11, 8] }, 
            "faces": {
                "north": { "uv": [ 1.625, 10.9375, 2.125, 11.1875 ], "texture": "#main", "cullface": "north" }, 
                "east":  { "uv": [ 1.375, 10.9375, 1.625, 11.1875 ], "texture": "#main", "cullface": "east" }, 
                "south": { "uv": [ 2.375, 10.9375, 2.875, 11.1875 ], "texture": "#main", "cullface": "south" }, 
                "west":  { "uv": [ 2.125, 10.9375, 2.375, 11.1875 ], "texture": "#main", "cullface": "west" }, 
                "up":    { "uv": [ 1.625, 10.6875, 2.125, 10.9375 ], "rotation":180, "texture": "#main", "cullface": "up" }, 
                "down":  { "uv": [ 2.125, 10.6875, 2.625, 10.9375 ], "texture": "#main", "cullface": "down" }
            }
        }, 
        {
            "from": [ 10.25, 16, 7 ], 
            "to":   [ 11.75, 22, 9 ], 
            "rotation": { "angle": -22.5, "axis": "x", "origin": [11, 21, 8] }, 
            "faces": {
                "north": { "uv": [ 0.125, 9.8125, 0.1875, 10.1875 ], "texture": "#main", "cullface": "north" }, 
                "east":  { "uv": [ 0, 9.8125, 0.125, 10.1875 ], "texture": "#main", "cullface": "east" }, 
                "south": { "uv": [ 0.3125, 9.8125, 0.375, 10.1875 ], "texture": "#main", "cullface": "south" }, 
                "west":  { "uv": [ 0.1875, 9.8125, 0.3125, 10.1875 ], "texture": "#main", "cullface": "west" }, 
                "up":    { "uv": [ 0.125, 9.6875, 0.1875, 9.8125 ], "rotation":180, "texture": "#main", "cullface": "up" }, 
                "down":  { "uv": [ 0.1875, 9.6875, 0.25, 9.8125 ], "texture": "#main", "cullface": "down" }
            }
        }, 
        {
            "from": [ 9.6, 15, 8.3 ], 
            "to":   [ 12.6, 17, 11.3 ], 
            "rotation": { "angle": -22.5, "axis": "x", "origin": [11.1, 17, 10.8] }, 
            "faces": {
                "north": { "uv": [ 0.5625, 9.875, 0.75, 10 ], "texture": "#main", "cullface": "north" }, 
                "east":  { "uv": [ 0.375, 9.875, 0.5625, 10 ], "texture": "#main", "cullface": "east" }, 
                "south": { "uv": [ 0.9375, 9.875, 1.125, 10 ], "texture": "#main", "cullface": "south" }, 
                "west":  { "uv": [ 0.75, 9.875, 0.9375, 10 ], "texture": "#main", "cullface": "west" }, 
                "up":    { "uv": [ 0.5625, 9.6875, 0.75, 9.875 ], "rotation":180, "texture": "#main", "cullface": "up" }, 
                "down":  { "uv": [ 0.75, 9.6875, 0.9375, 9.875 ], "texture": "#main", "cullface": "down" }
            }
        }, 
        {
            "from": [ 9.1, 12, 7.8 ], 
            "to":   [ 13.1, 15, 11.8 ], 
            "rotation": { "angle": -22.5, "axis": "x", "origin": [11.1, 17, 10.8] }, 
            "faces": {
                "north": { "uv": [ 1.375, 9.9375, 1.625, 10.125 ], "texture": "#main", "cullface": "north" }, 
                "east":  { "uv": [ 1.125, 9.9375, 1.375, 10.125 ], "texture": "#main", "cullface": "east" }, 
                "south": { "uv": [ 1.875, 9.9375, 2.125, 10.125 ], "texture": "#main", "cullface": "south" }, 
                "west":  { "uv": [ 1.625, 9.9375, 1.875, 10.125 ], "texture": "#main", "cullface": "west" }, 
                "up":    { "uv": [ 1.375, 9.6875, 1.625, 9.9375 ], "rotation":180, "texture": "#main", "cullface": "up" }, 
                "down":  { "uv": [ 1.625, 9.6875, 1.875, 9.9375 ], "texture": "#main", "cullface": "down" }
            }
        }, 
        {
            "from": [ 10.35, 11, 8.8 ], 
            "to":   [ 11.85, 17, 10.8 ], 
            "rotation": { "angle": -22.5, "axis": "x", "origin": [11.1, 17, 10.8] }, 
            "faces": {
                "north": { "uv": [ 2.25, 9.8125, 2.3125, 10.1875 ], "texture": "#main", "cullface": "north" }, 
                "east":  { "uv": [ 2.125, 9.8125, 2.25, 10.1875 ], "texture": "#main", "cullface": "east" }, 
                "south": { "uv": [ 2.4375, 9.8125, 2.5, 10.1875 ], "texture": "#main", "cullface": "south" }, 
                "west":  { "uv": [ 2.3125, 9.8125, 2.4375, 10.1875 ], "texture": "#main", "cullface": "west" }, 
                "up":    { "uv": [ 2.25, 9.6875, 2.3125, 9.8125 ], "rotation":180, "texture": "#main", "cullface": "up" }, 
                "down":  { "uv": [ 2.3125, 9.6875, 2.375, 9.8125 ], "texture": "#main", "cullface": "down" }
            }
        }, 
        {
            "from": [ 5, 0.3, 9.5 ], 
            "to":   [ 7, 6.3, 11.5 ], 
            "rotation": { "angle": -45, "axis": "x", "origin": [6, 6.3, 9.5] }, 
            "faces": {
                "north": { "uv": [ 1.625, 10.3125, 1.75, 10.6875 ], "texture": "#main", "cullface": "north" }, 
                "east":  { "uv": [ 1.5, 10.3125, 1.625, 10.6875 ], "texture": "#main", "cullface": "east" }, 
                "south": { "uv": [ 1.875, 10.3125, 2, 10.6875 ], "texture": "#main", "cullface": "south" }, 
                "west":  { "uv": [ 1.75, 10.3125, 1.875, 10.6875 ], "texture": "#main", "cullface": "west" }, 
                "up":    { "uv": [ 1.625, 10.1875, 1.75, 10.3125 ], "rotation":180, "texture": "#main", "cullface": "up" }, 
                "down":  { "uv": [ 1.75, 10.1875, 1.875, 10.3125 ], "texture": "#main", "cullface": "down" }
            }
        }, 
        {
            "from": [ 5, 6.3, 8 ], 
            "to":   [ 7, 10.3, 10 ], 
            "rotation": { "angle": -22.5, "axis": "x", "origin": [6, 10.3, 9] }, 
            "faces": {
                "north": { "uv": [ 1.125, 10.3125, 1.25, 10.5625 ], "texture": "#main", "cullface": "north" }, 
                "east":  { "uv": [ 1, 10.3125, 1.125, 10.5625 ], "texture": "#main", "cullface": "east" }, 
                "south": { "uv": [ 1.375, 10.3125, 1.5, 10.5625 ], "texture": "#main", "cullface": "south" }, 
                "west":  { "uv": [ 1.25, 10.3125, 1.375, 10.5625 ], "texture": "#main", "cullface": "west" }, 
                "up":    { "uv": [ 1.125, 10.1875, 1.25, 10.3125 ], "rotation":180, "texture": "#main", "cullface": "up" }, 
                "down":  { "uv": [ 1.25, 10.1875, 1.375, 10.3125 ], "texture": "#main", "cullface": "down" }
            }
        }, 
        {
            "from": [ 4.5, 11, 6 ], 
            "to":   [ 11.5, 16, 10 ], 
            "rotation": { "angle": -22.5, "axis": "x", "origin": [8, 16, 8] }, 
            "faces": {
                "north": { "uv": [ 0.25, 10.9375, 0.6875, 11.25 ], "texture": "#main", "cullface": "north" }, 
                "east":  { "uv": [ 0, 10.9375, 0.25, 11.25 ], "texture": "#main", "cullface": "east" }, 
                "south": { "uv": [ 0.9375, 10.9375, 1.375, 11.25 ], "texture": "#main", "cullface": "south" }, 
                "west":  { "uv": [ 0.6875, 10.9375, 0.9375, 11.25 ], "texture": "#main", "cullface": "west" }, 
                "up":    { "uv": [ 0.25, 10.6875, 0.6875, 10.9375 ], "rotation":180, "texture": "#main", "cullface": "up" }, 
                "down":  { "uv": [ 0.6875, 10.6875, 1.125, 10.9375 ], "texture": "#main", "cullface": "down" }
            }
        }, 
        {
            "from": [ 6, 15, 6.5 ], 
            "to":   [ 10, 18, 9.5 ], 
            "rotation": { "angle": -22.5, "axis": "x", "origin": [8, 18, 8] }, 
            "faces": {
                "north": { "uv": [ 1.1875, 8.9375, 1.4375, 9.125 ], "texture": "#main", "cullface": "north" }, 
                "east":  { "uv": [ 1, 8.9375, 1.1875, 9.125 ], "texture": "#main", "cullface": "east" }, 
                "south": { "uv": [ 1.625, 8.9375, 1.875, 9.125 ], "texture": "#main", "cullface": "south" }, 
                "west":  { "uv": [ 1.4375, 8.9375, 1.625, 9.125 ], "texture": "#main", "cullface": "west" }, 
                "up":    { "uv": [ 1.1875, 8.75, 1.4375, 8.9375 ], "rotation":180, "texture": "#main", "cullface": "up" }, 
                "down":  { "uv": [ 1.4375, 8.75, 1.6875, 8.9375 ], "texture": "#main", "cullface": "down" }
            }
        }, 
        {
            "from": [ 5.5, 18, 6.25 ], 
            "to":   [ 10.5, 22, 9.75 ], 
            "rotation": { "angle": 0, "axis": "y", "origin": [8, 22, 8] }, 
            "faces": {
                "north": { "uv": [ 8.1875, 8.9375, 8.5, 9.1875 ], "texture": "#main", "cullface": "north" }, 
                "east":  { "uv": [ 8, 8.9375, 8.1875, 9.1875 ], "texture": "#main", "cullface": "east" }, 
                "south": { "uv": [ 8.6875, 8.9375, 9, 9.1875 ], "texture": "#main", "cullface": "south" }, 
                "west":  { "uv": [ 8.5, 8.9375, 8.6875, 9.1875 ], "texture": "#main", "cullface": "west" }, 
                "up":    { "uv": [ 8.1875, 8.75, 8.5, 8.9375 ], "rotation":180, "texture": "#main", "cullface": "up" }, 
                "down":  { "uv": [ 8.5, 8.75, 8.8125, 8.9375 ], "texture": "#main", "cullface": "down" }
            }
        }, 
        {
            "from": [ 0, 10, 2 ], 
            "to":   [ 16, 17, 14 ], 
            "rotation": { "angle": -22.5, "axis": "x", "origin": [8, 14, 8] }, 
            "faces": {
                "north": { "uv": [ 8.75, 12, 9.75, 12.4375 ], "texture": "#main", "cullface": "north" }, 
                "east":  { "uv": [ 8, 12, 8.75, 12.4375 ], "texture": "#main", "cullface": "east" }, 
                "south": { "uv": [ 10.5, 12, 11.5, 12.4375 ], "texture": "#main", "cullface": "south" }, 
                "west":  { "uv": [ 9.75, 12, 10.5, 12.4375 ], "texture": "#main", "cullface": "west" }, 
                "up":    { "uv": [ 8.75, 11.25, 9.75, 12 ], "rotation":180, "texture": "#main", "cullface": "up" }, 
                "down":  { "uv": [ 9.75, 11.25, 10.75, 12 ], "texture": "#main", "cullface": "down" }
            }
        }, 
        {
            "from": [ 5, 22, 5 ], 
            "to":   [ 11, 28, 11 ], 
            "rotation": { "angle": 0, "axis": "y", "origin": [8, 22, 8] }, 
            "faces": {
                "north": { "uv": [ 8.375, 8.375, 8.75, 8.75 ], "texture": "#main", "cullface": "north" }, 
                "east":  { "uv": [ 8, 8.375, 8.375, 8.75 ], "texture": "#main", "cullface": "east" }, 
                "south": { "uv": [ 9.125, 8.375, 9.5, 8.75 ], "texture": "#main", "cullface": "south" }, 
                "west":  { "uv": [ 8.75, 8.375, 9.125, 8.75 ], "texture": "#main", "cullface": "west" }, 
                "up":    { "uv": [ 8.375, 8, 8.75, 8.375 ], "rotation":180, "texture": "#main", "cullface": "up" }, 
                "down":  { "uv": [ 8.75, 8, 9.125, 8.375 ], "texture": "#main", "cullface": "down" }
            }
        }, 
        {
            "from": [ 4.5, 21.5, 4.5 ], 
            "to":   [ 11.5, 28.5, 11.5 ], 
            "rotation": { "angle": 0, "axis": "y", "origin": [8, 22, 8] }, 
            "faces": {
                "north": { "uv": [ 11.25, 8.4375, 11.6875, 8.875 ], "texture": "#main", "cullface": "north" }, 
                "east":  { "uv": [ 10.8125, 8.4375, 11.25, 8.875 ], "texture": "#main", "cullface": "east" }, 
                "south": { "uv": [ 12.125, 8.4375, 12.5625, 8.875 ], "texture": "#main", "cullface": "south" }, 
                "west":  { "uv": [ 11.6875, 8.4375, 12.125, 8.875 ], "texture": "#main", "cullface": "west" }, 
                "up":    { "uv": [ 11.25, 8, 11.6875, 8.4375 ], "rotation":180, "texture": "#main", "cullface": "up" }, 
                "down":  { "uv": [ 11.6875, 8, 12.125, 8.4375 ], "texture": "#main", "cullface": "down" }
            }
        }, 
        {
            "from": [ 5, 10, 6.25 ], 
            "to":   [ 11, 14, 9.75 ], 
            "rotation": { "angle": -22.5, "axis": "x", "origin": [8, 14, 8] }, 
            "faces": {
                "north": { "uv": [ 10.0625, 8.9375, 10.4375, 9.1875 ], "texture": "#main", "cullface": "north" }, 
                "east":  { "uv": [ 9.875, 8.9375, 10.0625, 9.1875 ], "texture": "#main", "cullface": "east" }, 
                "south": { "uv": [ 10.625, 8.9375, 11, 9.1875 ], "texture": "#main", "cullface": "south" }, 
                "west":  { "uv": [ 10.4375, 8.9375, 10.625, 9.1875 ], "texture": "#main", "cullface": "west" }, 
                "up":    { "uv": [ 10.0625, 8.75, 10.4375, 8.9375 ], "rotation":180, "texture": "#main", "cullface": "up" }, 
                "down":  { "uv": [ 10.4375, 8.75, 10.8125, 8.9375 ], "texture": "#main", "cullface": "down" }
            }
        }, 
        {
            "from": [ 4.25, 16, 7 ], 
            "to":   [ 5.75, 22, 9 ], 
            "rotation": { "angle": -45, "axis": "x", "origin": [5, 21, 8] }, 
            "faces": {
                "north": { "uv": [ 8.125, 9.3125, 8.1875, 9.6875 ], "texture": "#main", "cullface": "north" }, 
                "east":  { "uv": [ 8, 9.3125, 8.125, 9.6875 ], "texture": "#main", "cullface": "east" }, 
                "south": { "uv": [ 8.3125, 9.3125, 8.375, 9.6875 ], "texture": "#main", "cullface": "south" }, 
                "west":  { "uv": [ 8.1875, 9.3125, 8.3125, 9.6875 ], "texture": "#main", "cullface": "west" }, 
                "up":    { "uv": [ 8.125, 9.1875, 8.1875, 9.3125 ], "rotation":180, "texture": "#main", "cullface": "up" }, 
                "down":  { "uv": [ 8.1875, 9.1875, 8.25, 9.3125 ], "texture": "#main", "cullface": "down" }
            }
        }, 
        {
            "from": [ 3.4, 16.3, 9.8 ], 
            "to":   [ 6.4, 18.3, 12.8 ], 
            "rotation": { "angle": -45, "axis": "x", "origin": [4.9, 18.3, 12.3] }, 
            "faces": {
                "north": { "uv": [ 8.5625, 9.375, 8.75, 9.5 ], "texture": "#main", "cullface": "north" }, 
                "east":  { "uv": [ 8.375, 9.375, 8.5625, 9.5 ], "texture": "#main", "cullface": "east" }, 
                "south": { "uv": [ 8.9375, 9.375, 9.125, 9.5 ], "texture": "#main", "cullface": "south" }, 
                "west":  { "uv": [ 8.75, 9.375, 8.9375, 9.5 ], "texture": "#main", "cullface": "west" }, 
                "up":    { "uv": [ 8.5625, 9.1875, 8.75, 9.375 ], "rotation":180, "texture": "#main", "cullface": "up" }, 
                "down":  { "uv": [ 8.75, 9.1875, 8.9375, 9.375 ], "texture": "#main", "cullface": "down" }
            }
        }, 
        {
            "from": [ 2.9, 13.3, 9.3 ], 
            "to":   [ 6.9, 16.3, 13.3 ], 
            "rotation": { "angle": -45, "axis": "x", "origin": [4.9, 18.3, 12.3] }, 
            "faces": {
                "north": { "uv": [ 9.375, 9.4375, 9.625, 9.625 ], "texture": "#main", "cullface": "north" }, 
                "east":  { "uv": [ 9.125, 9.4375, 9.375, 9.625 ], "texture": "#main", "cullface": "east" }, 
                "south": { "uv": [ 9.875, 9.4375, 10.125, 9.625 ], "texture": "#main", "cullface": "south" }, 
                "west":  { "uv": [ 9.625, 9.4375, 9.875, 9.625 ], "texture": "#main", "cullface": "west" }, 
                "up":    { "uv": [ 9.375, 9.1875, 9.625, 9.4375 ], "rotation":180, "texture": "#main", "cullface": "up" }, 
                "down":  { "uv": [ 9.625, 9.1875, 9.875, 9.4375 ], "texture": "#main", "cullface": "down" }
            }
        }, 
        {
            "from": [ 4.15, 12.3, 10.3 ], 
            "to":   [ 5.65, 18.3, 12.3 ], 
            "rotation": { "angle": -45, "axis": "x", "origin": [4.9, 18.3, 12.3] }, 
            "faces": {
                "north": { "uv": [ 10.25, 9.3125, 10.3125, 9.6875 ], "texture": "#main", "cullface": "north" }, 
                "east":  { "uv": [ 10.125, 9.3125, 10.25, 9.6875 ], "texture": "#main", "cullface": "east" }, 
                "south": { "uv": [ 10.4375, 9.3125, 10.5, 9.6875 ], "texture": "#main", "cullface": "south" }, 
                "west":  { "uv": [ 10.3125, 9.3125, 10.4375, 9.6875 ], "texture": "#main", "cullface": "west" }, 
                "up":    { "uv": [ 10.25, 9.1875, 10.3125, 9.3125 ], "rotation":180, "texture": "#main", "cullface": "up" }, 
                "down":  { "uv": [ 10.3125, 9.1875, 10.375, 9.3125 ], "texture": "#main", "cullface": "down" }
            }
        }, 
        {
            "from": [ 9, 0.3, 9.6 ], 
            "to":   [ 11, 6.3, 11.6 ], 
            "rotation": { "angle": -22.5, "axis": "x", "origin": [10, 6.3, 9.6] }, 
            "faces": {
                "north": { "uv": [ 8.625, 10.3125, 8.75, 10.6875 ], "texture": "#main", "cullface": "north" }, 
                "east":  { "uv": [ 8.5, 10.3125, 8.625, 10.6875 ], "texture": "#main", "cullface": "east" }, 
                "south": { "uv": [ 8.875, 10.3125, 9, 10.6875 ], "texture": "#main", "cullface": "south" }, 
                "west":  { "uv": [ 8.75, 10.3125, 8.875, 10.6875 ], "texture": "#main", "cullface": "west" }, 
                "up":    { "uv": [ 8.625, 10.1875, 8.75, 10.3125 ], "rotation":180, "texture": "#main", "cullface": "up" }, 
                "down":  { "uv": [ 8.75, 10.1875, 8.875, 10.3125 ], "texture": "#main", "cullface": "down" }
            }
        }, 
        {
            "from": [ 9, 6.4, 8 ], 
            "to":   [ 11, 10.4, 10 ], 
            "rotation": { "angle": -22.5, "axis": "x", "origin": [10, 10.4, 9] }, 
            "faces": {
                "north": { "uv": [ 8.125, 10.3125, 8.25, 10.5625 ], "texture": "#main", "cullface": "north" }, 
                "east":  { "uv": [ 8, 10.3125, 8.125, 10.5625 ], "texture": "#main", "cullface": "east" }, 
                "south": { "uv": [ 8.375, 10.3125, 8.5, 10.5625 ], "texture": "#main", "cullface": "south" }, 
                "west":  { "uv": [ 8.25, 10.3125, 8.375, 10.5625 ], "texture": "#main", "cullface": "west" }, 
                "up":    { "uv": [ 8.125, 10.1875, 8.25, 10.3125 ], "rotation":180, "texture": "#main", "cullface": "up" }, 
                "down":  { "uv": [ 8.25, 10.1875, 8.375, 10.3125 ], "texture": "#main", "cullface": "down" }
            }
        }, 
        {
            "from": [ 3.5, 5.8, 11.4 ], 
            "to":   [ 12.5, 8.8, 15.4 ], 
            "rotation": { "angle": -45, "axis": "x", "origin": [8, 8.8, 11.4] }, 
            "faces": {
                "north": { "uv": [ 11.125, 10.9375, 11.6875, 11.125 ], "texture": "#main", "cullface": "north" }, 
                "east":  { "uv": [ 10.875, 10.9375, 11.125, 11.125 ], "texture": "#main", "cullface": "east" }, 
                "south": { "uv": [ 11.9375, 10.9375, 12.5, 11.125 ], "texture": "#main", "cullface": "south" }, 
                "west":  { "uv": [ 11.6875, 10.9375, 11.9375, 11.125 ], "texture": "#main", "cullface": "west" }, 
                "up":    { "uv": [ 11.125, 10.6875, 11.6875, 10.9375 ], "rotation":180, "texture": "#main", "cullface": "up" }, 
                "down":  { "uv": [ 11.6875, 10.6875, 12.25, 10.9375 ], "texture": "#main", "cullface": "down" }
            }
        }, 
        {
            "from": [ 4, 6, 8.5 ], 
            "to":   [ 12, 7, 11.5 ], 
            "rotation": { "angle": 0, "axis": "y", "origin": [8, 10, 8] }, 
            "faces": {
                "north": { "uv": [ 12.6875, 10.875, 13.1875, 10.9375 ], "texture": "#main", "cullface": "north" }, 
                "east":  { "uv": [ 12.5, 10.875, 12.6875, 10.9375 ], "texture": "#main", "cullface": "east" }, 
                "south": { "uv": [ 13.375, 10.875, 13.875, 10.9375 ], "texture": "#main", "cullface": "south" }, 
                "west":  { "uv": [ 13.1875, 10.875, 13.375, 10.9375 ], "texture": "#main", "cullface": "west" }, 
                "up":    { "uv": [ 12.6875, 10.6875, 13.1875, 10.875 ], "rotation":180, "texture": "#main", "cullface": "up" }, 
                "down":  { "uv": [ 13.1875, 10.6875, 13.6875, 10.875 ], "texture": "#main", "cullface": "down" }
            }
        }, 
        {
            "from": [ 4, 7, 8 ], 
            "to":   [ 12, 11, 12 ], 
            "rotation": { "angle": -45, "axis": "x", "origin": [8, 11, 8] }, 
            "faces": {
                "north": { "uv": [ 9.625, 10.9375, 10.125, 11.1875 ], "texture": "#main", "cullface": "north" }, 
                "east":  { "uv": [ 9.375, 10.9375, 9.625, 11.1875 ], "texture": "#main", "cullface": "east" }, 
                "south": { "uv": [ 10.375, 10.9375, 10.875, 11.1875 ], "texture": "#main", "cullface": "south" }, 
                "west":  { "uv": [ 10.125, 10.9375, 10.375, 11.1875 ], "texture": "#main", "cullface": "west" }, 
                "up":    { "uv": [ 9.625, 10.6875, 10.125, 10.9375 ], "rotation":180, "texture": "#main", "cullface": "up" }, 
                "down":  { "uv": [ 10.125, 10.6875, 10.625, 10.9375 ], "texture": "#main", "cullface": "down" }
            }
        }, 
        {
            "from": [ 10.25, 16, 7 ], 
            "to":   [ 11.75, 22, 9 ], 
            "rotation": { "angle": -45, "axis": "x", "origin": [11, 21, 8] }, 
            "faces": {
                "north": { "uv": [ 8.125, 9.8125, 8.1875, 10.1875 ], "texture": "#main", "cullface": "north" }, 
                "east":  { "uv": [ 8, 9.8125, 8.125, 10.1875 ], "texture": "#main", "cullface": "east" }, 
                "south": { "uv": [ 8.3125, 9.8125, 8.375, 10.1875 ], "texture": "#main", "cullface": "south" }, 
                "west":  { "uv": [ 8.1875, 9.8125, 8.3125, 10.1875 ], "texture": "#main", "cullface": "west" }, 
                "up":    { "uv": [ 8.125, 9.6875, 8.1875, 9.8125 ], "rotation":180, "texture": "#main", "cullface": "up" }, 
                "down":  { "uv": [ 8.1875, 9.6875, 8.25, 9.8125 ], "texture": "#main", "cullface": "down" }
            }
        }, 
        {
            "from": [ 9.6, 16.1, 9.7 ], 
            "to":   [ 12.6, 18.1, 12.7 ], 
            "rotation": { "angle": -45, "axis": "x", "origin": [11.1, 18.1, 12.2] }, 
            "faces": {
                "north": { "uv": [ 8.5625, 9.875, 8.75, 10 ], "texture": "#main", "cullface": "north" }, 
                "east":  { "uv": [ 8.375, 9.875, 8.5625, 10 ], "texture": "#main", "cullface": "east" }, 
                "south": { "uv": [ 8.9375, 9.875, 9.125, 10 ], "texture": "#main", "cullface": "south" }, 
                "west":  { "uv": [ 8.75, 9.875, 8.9375, 10 ], "texture": "#main", "cullface": "west" }, 
                "up":    { "uv": [ 8.5625, 9.6875, 8.75, 9.875 ], "rotation":180, "texture": "#main", "cullface": "up" }, 
                "down":  { "uv": [ 8.75, 9.6875, 8.9375, 9.875 ], "texture": "#main", "cullface": "down" }
            }
        }, 
        {
            "from": [ 9.1, 13.1, 9.2 ], 
            "to":   [ 13.1, 16.1, 13.2 ], 
            "rotation": { "angle": -45, "axis": "x", "origin": [11.1, 18.1, 12.2] }, 
            "faces": {
                "north": { "uv": [ 9.375, 9.9375, 9.625, 10.125 ], "texture": "#main", "cullface": "north" }, 
                "east":  { "uv": [ 9.125, 9.9375, 9.375, 10.125 ], "texture": "#main", "cullface": "east" }, 
                "south": { "uv": [ 9.875, 9.9375, 10.125, 10.125 ], "texture": "#main", "cullface": "south" }, 
                "west":  { "uv": [ 9.625, 9.9375, 9.875, 10.125 ], "texture": "#main", "cullface": "west" }, 
                "up":    { "uv": [ 9.375, 9.6875, 9.625, 9.9375 ], "rotation":180, "texture": "#main", "cullface": "up" }, 
                "down":  { "uv": [ 9.625, 9.6875, 9.875, 9.9375 ], "texture": "#main", "cullface": "down" }
            }
        }, 
        {
            "from": [ 10.35, 12.1, 10.2 ], 
            "to":   [ 11.85, 18.1, 12.2 ], 
            "rotation": { "angle": -45, "axis": "x", "origin": [11.1, 18.1, 12.2] }, 
            "faces": {
                "north": { "uv": [ 10.25, 9.8125, 10.3125, 10.1875 ], "texture": "#main", "cullface": "north" }, 
                "east":  { "uv": [ 10.125, 9.8125, 10.25, 10.1875 ], "texture": "#main", "cullface": "east" }, 
                "south": { "uv": [ 10.4375, 9.8125, 10.5, 10.1875 ], "texture": "#main", "cullface": "south" }, 
                "west":  { "uv": [ 10.3125, 9.8125, 10.4375, 10.1875 ], "texture": "#main", "cullface": "west" }, 
                "up":    { "uv": [ 10.25, 9.6875, 10.3125, 9.8125 ], "rotation":180, "texture": "#main", "cullface": "up" }, 
                "down":  { "uv": [ 10.3125, 9.6875, 10.375, 9.8125 ], "texture": "#main", "cullface": "down" }
            }
        }, 
        {
            "from": [ 5, 0.3, 9.5 ], 
            "to":   [ 7, 6.3, 11.5 ], 
            "rotation": { "angle": -45, "axis": "x", "origin": [6, 6.3, 9.5] }, 
            "faces": {
                "north": { "uv": [ 9.625, 10.3125, 9.75, 10.6875 ], "texture": "#main", "cullface": "north" }, 
                "east":  { "uv": [ 9.5, 10.3125, 9.625, 10.6875 ], "texture": "#main", "cullface": "east" }, 
                "south": { "uv": [ 9.875, 10.3125, 10, 10.6875 ], "texture": "#main", "cullface": "south" }, 
                "west":  { "uv": [ 9.75, 10.3125, 9.875, 10.6875 ], "texture": "#main", "cullface": "west" }, 
                "up":    { "uv": [ 9.625, 10.1875, 9.75, 10.3125 ], "rotation":180, "texture": "#main", "cullface": "up" }, 
                "down":  { "uv": [ 9.75, 10.1875, 9.875, 10.3125 ], "texture": "#main", "cullface": "down" }
            }
        }, 
        {
            "from": [ 5, 6.3, 8 ], 
            "to":   [ 7, 10.3, 10 ], 
            "rotation": { "angle": -22.5, "axis": "x", "origin": [6, 10.3, 9] }, 
            "faces": {
                "north": { "uv": [ 9.125, 10.3125, 9.25, 10.5625 ], "texture": "#main", "cullface": "north" }, 
                "east":  { "uv": [ 9, 10.3125, 9.125, 10.5625 ], "texture": "#main", "cullface": "east" }, 
                "south": { "uv": [ 9.375, 10.3125, 9.5, 10.5625 ], "texture": "#main", "cullface": "south" }, 
                "west":  { "uv": [ 9.25, 10.3125, 9.375, 10.5625 ], "texture": "#main", "cullface": "west" }, 
                "up":    { "uv": [ 9.125, 10.1875, 9.25, 10.3125 ], "rotation":180, "texture": "#main", "cullface": "up" }, 
                "down":  { "uv": [ 9.25, 10.1875, 9.375, 10.3125 ], "texture": "#main", "cullface": "down" }
            }
        }, 
        {
            "from": [ 4.5, 11, 6 ], 
            "to":   [ 11.5, 16, 10 ], 
            "rotation": { "angle": -22.5, "axis": "x", "origin": [8, 16, 8] }, 
            "faces": {
                "north": { "uv": [ 8.25, 10.9375, 8.6875, 11.25 ], "texture": "#main", "cullface": "north" }, 
                "east":  { "uv": [ 8, 10.9375, 8.25, 11.25 ], "texture": "#main", "cullface": "east" }, 
                "south": { "uv": [ 8.9375, 10.9375, 9.375, 11.25 ], "texture": "#main", "cullface": "south" }, 
                "west":  { "uv": [ 8.6875, 10.9375, 8.9375, 11.25 ], "texture": "#main", "cullface": "west" }, 
                "up":    { "uv": [ 8.25, 10.6875, 8.6875, 10.9375 ], "rotation":180, "texture": "#main", "cullface": "up" }, 
                "down":  { "uv": [ 8.6875, 10.6875, 9.125, 10.9375 ], "texture": "#main", "cullface": "down" }
            }
        }, 
        {
            "from": [ 6, 15, 6.5 ], 
            "to":   [ 10, 18, 9.5 ], 
            "rotation": { "angle": -22.5, "axis": "x", "origin": [8, 18, 8] }, 
            "faces": {
                "north": { "uv": [ 9.1875, 8.9375, 9.4375, 9.125 ], "texture": "#main", "cullface": "north" }, 
                "east":  { "uv": [ 9, 8.9375, 9.1875, 9.125 ], "texture": "#main", "cullface": "east" }, 
                "south": { "uv": [ 9.625, 8.9375, 9.875, 9.125 ], "texture": "#main", "cullface": "south" }, 
                "west":  { "uv": [ 9.4375, 8.9375, 9.625, 9.125 ], "texture": "#main", "cullface": "west" }, 
                "up":    { "uv": [ 9.1875, 8.75, 9.4375, 8.9375 ], "rotation":180, "texture": "#main", "cullface": "up" }, 
                "down":  { "uv": [ 9.4375, 8.75, 9.6875, 8.9375 ], "texture": "#main", "cullface": "down" }
            }
        }
    ], 
    "display": {
		"gui": {
			"rotation": [0, -135, 0],
			"translation": [0, -4.25, 0],
			"scale": [0.6, 0.6, 0.6]
		},
		"head": {
			"translation": [0, -16.15, 0],
			"scale": [2.285, 2.285, 2.285]
		}
	},
    "groups": [
        {
            "name": "body", 
            "origin": [
                8, 
                8, 
                8
            ], 
            "children": [
                0
            ]
        }, 
        {
            "name": "crowndress", 
            "origin": [
                8, 
                8, 
                8
            ], 
            "children": [
                1
            ]
        }, 
        {
            "name": "head", 
            "origin": [
                8, 
                8, 
                8
            ], 
            "children": [
                2, 
                3
            ]
        }, 
        {
            "name": "hip", 
            "origin": [
                8, 
                8, 
                8
            ], 
            "children": [
                4
            ]
        }, 
        {
            "name": "leftarm", 
            "origin": [
                8, 
                8, 
                8
            ], 
            "children": [
                5
            ]
        }, 
        {
            "name": "leftforearm", 
            "origin": [
                8, 
                8, 
                8
            ], 
            "children": [
                6, 
                7, 
                8
            ]
        }, 
        {
            "name": "leftforeleg", 
            "origin": [
                8, 
                8, 
                8
            ], 
            "children": [
                9
            ]
        }, 
        {
            "name": "leftthigh", 
            "origin": [
                8, 
                8, 
                8
            ], 
            "children": [
                10
            ]
        }, 
        {
            "name": "lowerdress", 
            "origin": [
                8, 
                8, 
                8
            ], 
            "children": [
                11, 
                12
            ]
        }, 
        {
            "name": "middledress", 
            "origin": [
                8, 
                8, 
                8
            ], 
            "children": [
                13
            ]
        }, 
        {
            "name": "rightarm", 
            "origin": [
                8, 
                8, 
                8
            ], 
            "children": [
                14
            ]
        }, 
        {
            "name": "rightforearm", 
            "origin": [
                8, 
                8, 
                8
            ], 
            "children": [
                15, 
                16, 
                17
            ]
        }, 
        {
            "name": "rightforeleg", 
            "origin": [
                8, 
                8, 
                8
            ], 
            "children": [
                18
            ]
        }, 
        {
            "name": "rightthigh", 
            "origin": [
                8, 
                8, 
                8
            ], 
            "children": [
                19
            ]
        }, 
        {
            "name": "upperdress", 
            "origin": [
                8, 
                8, 
                8
            ], 
            "children": [
                20
            ]
        }, 
        {
            "name": "waist", 
            "origin": [
                8, 
                8, 
                8
            ], 
            "children": [
                21
            ]
        }
    ], 
    "__comment": "制作者： Fizzy 来自：http://fizzy81.github.io/animated-models/ 由www.imiPet.com汉化"
}