{
    "parent": "item/handheld",
    "textures": {
        "layer0": "item/diamond_hoe"
    },
    "overrides": [
        {"predicate": {"custom_model_data":153500}, "model": "imipet/angle/angle_idle"},
        {"predicate": {"custom_model_data":153501}, "model": "imipet/angle/angle_walk"},
        {"predicate": {"custom_model_data":153502}, "model": "imipet/angle/angle_attack"},
        {"predicate": {"custom_model_data":153503}, "model": "imipet/minatoaqua/minatoaqua_idle"},
        {"predicate": {"custom_model_data":153504}, "model": "imipet/minatoaqua/minatoaqua_walk"},
        {"predicate": {"custom_model_data":153505}, "model": "imipet/minatoaqua/minatoaqua_attack"},
        {"predicate": {"custom_model_data":153600}, "model": "imipet/emobon/emobon_idle"},
        {"predicate": {"custom_model_data":153601}, "model": "imipet/emobon/emobon_walk"},
        {"predicate": {"custom_model_data":153602}, "model": "imipet/emobon/emobon_attack"}
    ]
}