{
    "credit": "Made with Blockbench", 
    "textures": {
        "main": "imipet/emobon_walk"
    }, 
    "elements": [
        {
            "name": "head", 
            "from": [ 5, 10, 6 ], 
            "to":   [ 11, 16, 12 ], 
            "faces": {
                "north": { "uv": [ 0, 3.375, 3.25, 6.625 ], "texture": "#main" }, 
                "east":  { "uv": [ 0, 0, 3, 3 ], "texture": "#main" }, 
                "south": { "uv": [ 0, 0, 2, 1.4375 ], "texture": "#main" }, 
                "west":  { "uv": [ 0, 0, 3, 3 ], "texture": "#main" }, 
                "up":    { "uv": [ 0, 0, 3, 3 ], "texture": "#main" }, 
                "down":  { "uv": [ 0, 0, 3, 3 ], "texture": "#main" }
            }
        }, 
        {
            "name": "face_right", 
            "from": [ 10, 9.8, 5.3 ], 
            "to":   [ 12, 11.8, 7.3 ], 
            "rotation": { "angle": -22.5, "axis": "x", "origin": [8, 8.8, 8.3] }, 
            "faces": {
                "north": { "uv": [ 6.5, 0.5, 7.5, 1.5 ], "texture": "#main" }, 
                "east":  { "uv": [ 6.375, 1.0625, 7.375, 2.0625 ], "texture": "#main" }, 
                "south": { "uv": [ 6.375, 0.75, 7.375, 1.75 ], "texture": "#main" }, 
                "west":  { "uv": [ 6, 0.3125, 7, 1.3125 ], "texture": "#main" }, 
                "up":    { "uv": [ 6.5, 0.6875, 7.5, 1.6875 ], "texture": "#main" }, 
                "down":  { "uv": [ 6.4375, 0.5, 7.4375, 1.5 ], "texture": "#main" }
            }
        }, 
        {
            "name": "face_left", 
            "from": [ 4, 9.8, 5.3 ], 
            "to":   [ 6, 11.8, 7.3 ], 
            "rotation": { "angle": -22.5, "axis": "x", "origin": [8, 8.8, 8.3] }, 
            "faces": {
                "north": { "uv": [ 6.0625, 0.6875, 7.0625, 1.6875 ], "texture": "#main" }, 
                "east":  { "uv": [ 6, 0.3125, 7, 1.3125 ], "texture": "#main" }, 
                "south": { "uv": [ 6.1875, 0.5, 7.1875, 1.5 ], "texture": "#main" }, 
                "west":  { "uv": [ 6.5, 0.5625, 7.5, 1.5625 ], "texture": "#main" }, 
                "up":    { "uv": [ 6.375, 0.4375, 7.375, 1.4375 ], "texture": "#main" }, 
                "down":  { "uv": [ 6.6875, 0, 7.6875, 1 ], "texture": "#main" }
            }
        }, 
        {
            "name": "ear_left", 
            "from": [ 8.9, 14.2, 8 ], 
            "to":   [ 10.9, 20.2, 10 ], 
            "rotation": { "angle": 45, "axis": "z", "origin": [9.9, 9.2, 8] }, 
            "faces": {
                "north": { "uv": [ 4.0625, 0.0625, 5.0625, 3.0625 ], "texture": "#main" }, 
                "east":  { "uv": [ 3.75, 0.125, 4.75, 3.125 ], "texture": "#main" }, 
                "south": { "uv": [ 4, 0, 5, 3 ], "texture": "#main" }, 
                "west":  { "uv": [ 3.6875, 0, 4.6875, 3 ], "texture": "#main" }, 
                "up":    { "uv": [ 3.6875, 0.625, 4.6875, 1.625 ], "texture": "#main" }, 
                "down":  { "uv": [ 3.875, 0.75, 4.875, 1.75 ], "texture": "#main" }
            }
        }, 
        {
            "name": "ear_right", 
            "from": [ 7, 13, 8 ], 
            "to":   [ 9, 19, 10 ], 
            "rotation": { "angle": -22.5, "axis": "z", "origin": [8, 8, 8] }, 
            "faces": {
                "north": { "uv": [ 3.875, 0.125, 4.875, 3.125 ], "texture": "#main" }, 
                "east":  { "uv": [ 3.8125, 0, 4.8125, 3 ], "texture": "#main" }, 
                "south": { "uv": [ 3.9375, 0.0625, 4.9375, 3.0625 ], "texture": "#main" }, 
                "west":  { "uv": [ 3.875, 0, 4.875, 3 ], "texture": "#main" }, 
                "up":    { "uv": [ 3.6875, 0.6875, 4.6875, 1.6875 ], "texture": "#main" }, 
                "down":  { "uv": [ 3.625, 0.5, 4.625, 1.5 ], "texture": "#main" }
            }
        }, 
        {
            "name": "body_one", 
            "from": [ 7, 5.5, 9 ], 
            "to":   [ 9, 6.5, 11 ], 
            "rotation": { "angle": -22.5, "axis": "x", "origin": [8, 7.5, 9] }, 
            "faces": {
                "north": { "uv": [ 3.5, 0.6875, 4.5, 1.1875 ], "texture": "#main" }, 
                "east":  { "uv": [ 3.875, 0.3125, 5.0625, 0.875 ], "texture": "#main" }, 
                "south": { "uv": [ 3.875, 1, 4.875, 1.5 ], "texture": "#main" }, 
                "west":  { "uv": [ 3.6875, 0.4375, 4.6875, 0.9375 ], "texture": "#main" }, 
                "up":    { "uv": [ 3.6875, 0.0625, 4.6875, 1.0625 ], "texture": "#main" }, 
                "down":  { "uv": [ 4.125, 0.625, 5.125, 1.625 ], "texture": "#main" }
            }
        }, 
        {
            "name": "body_two", 
            "from": [ 6, 7.6, 8.3 ], 
            "to":   [ 10, 8.6, 12.3 ], 
            "rotation": { "angle": -22.5, "axis": "x", "origin": [8, 7.6, 9.3] }, 
            "faces": {
                "north": { "uv": [ 3.375, 0.75, 5.375, 1.25 ], "texture": "#main" }, 
                "east":  { "uv": [ 3.4375, 0.5, 5.4375, 1 ], "texture": "#main" }, 
                "south": { "uv": [ 3.375, 0.5625, 5.375, 1.0625 ], "texture": "#main" }, 
                "west":  { "uv": [ 3.375, 0.75, 5.375, 1.25 ], "texture": "#main" }, 
                "up":    { "uv": [ 3.4375, 0.375, 5.4375, 2.375 ], "texture": "#main" }, 
                "down":  { "uv": [ 3.375, 0.3125, 5.375, 2.3125 ], "texture": "#main" }
            }
        }, 
        {
            "name": "head", 
            "from": [ 5, 10, 6 ], 
            "to":   [ 11, 16, 12 ], 
            "faces": {
                "north": { "uv": [ 8, 3.375, 11.25, 6.625 ], "texture": "#main" }, 
                "east":  { "uv": [ 8, 0, 11, 3 ], "texture": "#main" }, 
                "south": { "uv": [ 8, 0, 10, 1.4375 ], "texture": "#main" }, 
                "west":  { "uv": [ 8, 0, 11, 3 ], "texture": "#main" }, 
                "up":    { "uv": [ 8, 0, 11, 3 ], "texture": "#main" }, 
                "down":  { "uv": [ 8, 0, 11, 3 ], "texture": "#main" }
            }
        }, 
        {
            "name": "face_right", 
            "from": [ 10, 9.8, 5.3 ], 
            "to":   [ 12, 11.8, 7.3 ], 
            "rotation": { "angle": -22.5, "axis": "x", "origin": [8, 8.8, 8.3] }, 
            "faces": {
                "north": { "uv": [ 14.5, 0.5, 15.5, 1.5 ], "texture": "#main" }, 
                "east":  { "uv": [ 14.375, 1.0625, 15.375, 2.0625 ], "texture": "#main" }, 
                "south": { "uv": [ 14.375, 0.75, 15.375, 1.75 ], "texture": "#main" }, 
                "west":  { "uv": [ 14, 0.3125, 15, 1.3125 ], "texture": "#main" }, 
                "up":    { "uv": [ 14.5, 0.6875, 15.5, 1.6875 ], "texture": "#main" }, 
                "down":  { "uv": [ 14.4375, 0.5, 15.4375, 1.5 ], "texture": "#main" }
            }
        }, 
        {
            "name": "face_left", 
            "from": [ 4, 9.8, 5.3 ], 
            "to":   [ 6, 11.8, 7.3 ], 
            "rotation": { "angle": -22.5, "axis": "x", "origin": [8, 8.8, 8.3] }, 
            "faces": {
                "north": { "uv": [ 14.0625, 0.6875, 15.0625, 1.6875 ], "texture": "#main" }, 
                "east":  { "uv": [ 14, 0.3125, 15, 1.3125 ], "texture": "#main" }, 
                "south": { "uv": [ 14.1875, 0.5, 15.1875, 1.5 ], "texture": "#main" }, 
                "west":  { "uv": [ 14.5, 0.5625, 15.5, 1.5625 ], "texture": "#main" }, 
                "up":    { "uv": [ 14.375, 0.4375, 15.375, 1.4375 ], "texture": "#main" }, 
                "down":  { "uv": [ 14.6875, 0, 15.6875, 1 ], "texture": "#main" }
            }
        }, 
        {
            "name": "ear_left", 
            "from": [ 1.1, 9.9, 8 ], 
            "to":   [ 7.1, 11.9, 10 ], 
            "rotation": { "angle": -22.5, "axis": "z", "origin": [12.1, 10.9, 8] }, 
            "faces": {
                "north": { "uv": [ 12.0625, 0.0625, 13.0625, 3.0625 ], "rotation":90, "texture": "#main" }, 
                "east":  { "uv": [ 11.875, 0.75, 12.875, 1.75 ], "rotation":270, "texture": "#main" }, 
                "south": { "uv": [ 12, 0, 13, 3 ], "rotation":270, "texture": "#main" }, 
                "west":  { "uv": [ 11.6875, 0.625, 12.6875, 1.625 ], "rotation":270, "texture": "#main" }, 
                "up":    { "uv": [ 11.75, 0.125, 12.75, 3.125 ], "rotation":270, "texture": "#main" }, 
                "down":  { "uv": [ 11.6875, 0, 12.6875, 3 ], "rotation":270, "texture": "#main" }
            }
        }, 
        {
            "name": "ear_right", 
            "from": [ 7, 13, 8 ], 
            "to":   [ 9, 19, 10 ], 
            "rotation": { "angle": -22.5, "axis": "z", "origin": [8, 8, 8] }, 
            "faces": {
                "north": { "uv": [ 11.875, 0.125, 12.875, 3.125 ], "texture": "#main" }, 
                "east":  { "uv": [ 11.8125, 0, 12.8125, 3 ], "texture": "#main" }, 
                "south": { "uv": [ 11.9375, 0.0625, 12.9375, 3.0625 ], "texture": "#main" }, 
                "west":  { "uv": [ 11.875, 0, 12.875, 3 ], "texture": "#main" }, 
                "up":    { "uv": [ 11.6875, 0.6875, 12.6875, 1.6875 ], "texture": "#main" }, 
                "down":  { "uv": [ 11.625, 0.5, 12.625, 1.5 ], "texture": "#main" }
            }
        }, 
        {
            "name": "body_one", 
            "from": [ 7, 5.5, 9 ], 
            "to":   [ 9, 6.5, 11 ], 
            "rotation": { "angle": -22.5, "axis": "x", "origin": [8, 7.5, 9] }, 
            "faces": {
                "north": { "uv": [ 11.5, 0.6875, 12.5, 1.1875 ], "texture": "#main" }, 
                "east":  { "uv": [ 11.875, 0.3125, 13.0625, 0.875 ], "texture": "#main" }, 
                "south": { "uv": [ 11.875, 1, 12.875, 1.5 ], "texture": "#main" }, 
                "west":  { "uv": [ 11.6875, 0.4375, 12.6875, 0.9375 ], "texture": "#main" }, 
                "up":    { "uv": [ 11.6875, 0.0625, 12.6875, 1.0625 ], "texture": "#main" }, 
                "down":  { "uv": [ 12.125, 0.625, 13.125, 1.625 ], "texture": "#main" }
            }
        }, 
        {
            "name": "body_two", 
            "from": [ 6, 7.6, 8.3 ], 
            "to":   [ 10, 8.6, 12.3 ], 
            "rotation": { "angle": -22.5, "axis": "x", "origin": [8, 7.6, 9.3] }, 
            "faces": {
                "north": { "uv": [ 11.375, 0.75, 13.375, 1.25 ], "texture": "#main" }, 
                "east":  { "uv": [ 11.4375, 0.5, 13.4375, 1 ], "texture": "#main" }, 
                "south": { "uv": [ 11.375, 0.5625, 13.375, 1.0625 ], "texture": "#main" }, 
                "west":  { "uv": [ 11.375, 0.75, 13.375, 1.25 ], "texture": "#main" }, 
                "up":    { "uv": [ 11.4375, 0.375, 13.4375, 2.375 ], "texture": "#main" }, 
                "down":  { "uv": [ 11.375, 0.3125, 13.375, 2.3125 ], "texture": "#main" }
            }
        }, 
        {
            "name": "head", 
            "from": [ 5, 10, 6 ], 
            "to":   [ 11, 16, 12 ], 
            "faces": {
                "north": { "uv": [ 0, 11.375, 3.25, 14.625 ], "texture": "#main" }, 
                "east":  { "uv": [ 0, 8, 3, 11 ], "texture": "#main" }, 
                "south": { "uv": [ 0, 8, 2, 9.4375 ], "texture": "#main" }, 
                "west":  { "uv": [ 0, 8, 3, 11 ], "texture": "#main" }, 
                "up":    { "uv": [ 0, 8, 3, 11 ], "texture": "#main" }, 
                "down":  { "uv": [ 0, 8, 3, 11 ], "texture": "#main" }
            }
        }, 
        {
            "name": "face_right", 
            "from": [ 10, 9.8, 5.3 ], 
            "to":   [ 12, 11.8, 7.3 ], 
            "rotation": { "angle": -22.5, "axis": "x", "origin": [8, 8.8, 8.3] }, 
            "faces": {
                "north": { "uv": [ 6.5, 8.5, 7.5, 9.5 ], "texture": "#main" }, 
                "east":  { "uv": [ 6.375, 9.0625, 7.375, 10.0625 ], "texture": "#main" }, 
                "south": { "uv": [ 6.375, 8.75, 7.375, 9.75 ], "texture": "#main" }, 
                "west":  { "uv": [ 6, 8.3125, 7, 9.3125 ], "texture": "#main" }, 
                "up":    { "uv": [ 6.5, 8.6875, 7.5, 9.6875 ], "texture": "#main" }, 
                "down":  { "uv": [ 6.4375, 8.5, 7.4375, 9.5 ], "texture": "#main" }
            }
        }, 
        {
            "name": "face_left", 
            "from": [ 4, 9.8, 5.3 ], 
            "to":   [ 6, 11.8, 7.3 ], 
            "rotation": { "angle": -22.5, "axis": "x", "origin": [8, 8.8, 8.3] }, 
            "faces": {
                "north": { "uv": [ 6.0625, 8.6875, 7.0625, 9.6875 ], "texture": "#main" }, 
                "east":  { "uv": [ 6, 8.3125, 7, 9.3125 ], "texture": "#main" }, 
                "south": { "uv": [ 6.1875, 8.5, 7.1875, 9.5 ], "texture": "#main" }, 
                "west":  { "uv": [ 6.5, 8.5625, 7.5, 9.5625 ], "texture": "#main" }, 
                "up":    { "uv": [ 6.375, 8.4375, 7.375, 9.4375 ], "texture": "#main" }, 
                "down":  { "uv": [ 6.6875, 8, 7.6875, 9 ], "texture": "#main" }
            }
        }, 
        {
            "name": "ear_left", 
            "from": [ 7.1, 12.9, 8 ], 
            "to":   [ 9.1, 18.9, 10 ], 
            "rotation": { "angle": 22.5, "axis": "z", "origin": [8.1, 7.9, 8] }, 
            "faces": {
                "north": { "uv": [ 4.0625, 8.0625, 5.0625, 11.0625 ], "texture": "#main" }, 
                "east":  { "uv": [ 3.75, 8.125, 4.75, 11.125 ], "texture": "#main" }, 
                "south": { "uv": [ 4, 8, 5, 11 ], "texture": "#main" }, 
                "west":  { "uv": [ 3.6875, 8, 4.6875, 11 ], "texture": "#main" }, 
                "up":    { "uv": [ 3.6875, 8.625, 4.6875, 9.625 ], "texture": "#main" }, 
                "down":  { "uv": [ 3.875, 8.75, 4.875, 9.75 ], "texture": "#main" }
            }
        }, 
        {
            "name": "ear_right", 
            "from": [ 4.6, 13.9, 8 ], 
            "to":   [ 6.6, 19.9, 10 ], 
            "rotation": { "angle": -45, "axis": "z", "origin": [5.6, 8.9, 8] }, 
            "faces": {
                "north": { "uv": [ 3.875, 8.125, 4.875, 11.125 ], "texture": "#main" }, 
                "east":  { "uv": [ 3.8125, 8, 4.8125, 11 ], "texture": "#main" }, 
                "south": { "uv": [ 3.9375, 8.0625, 4.9375, 11.0625 ], "texture": "#main" }, 
                "west":  { "uv": [ 3.875, 8, 4.875, 11 ], "texture": "#main" }, 
                "up":    { "uv": [ 3.6875, 8.6875, 4.6875, 9.6875 ], "texture": "#main" }, 
                "down":  { "uv": [ 3.625, 8.5, 4.625, 9.5 ], "texture": "#main" }
            }
        }, 
        {
            "name": "body_one", 
            "from": [ 7, 5.5, 9 ], 
            "to":   [ 9, 6.5, 11 ], 
            "rotation": { "angle": -22.5, "axis": "x", "origin": [8, 7.5, 9] }, 
            "faces": {
                "north": { "uv": [ 3.5, 8.6875, 4.5, 9.1875 ], "texture": "#main" }, 
                "east":  { "uv": [ 3.875, 8.3125, 5.0625, 8.875 ], "texture": "#main" }, 
                "south": { "uv": [ 3.875, 9, 4.875, 9.5 ], "texture": "#main" }, 
                "west":  { "uv": [ 3.6875, 8.4375, 4.6875, 8.9375 ], "texture": "#main" }, 
                "up":    { "uv": [ 3.6875, 8.0625, 4.6875, 9.0625 ], "texture": "#main" }, 
                "down":  { "uv": [ 4.125, 8.625, 5.125, 9.625 ], "texture": "#main" }
            }
        }, 
        {
            "name": "body_two", 
            "from": [ 6, 7.6, 8.3 ], 
            "to":   [ 10, 8.6, 12.3 ], 
            "rotation": { "angle": -22.5, "axis": "x", "origin": [8, 7.6, 9.3] }, 
            "faces": {
                "north": { "uv": [ 3.375, 8.75, 5.375, 9.25 ], "texture": "#main" }, 
                "east":  { "uv": [ 3.4375, 8.5, 5.4375, 9 ], "texture": "#main" }, 
                "south": { "uv": [ 3.375, 8.5625, 5.375, 9.0625 ], "texture": "#main" }, 
                "west":  { "uv": [ 3.375, 8.75, 5.375, 9.25 ], "texture": "#main" }, 
                "up":    { "uv": [ 3.4375, 8.375, 5.4375, 10.375 ], "texture": "#main" }, 
                "down":  { "uv": [ 3.375, 8.3125, 5.375, 10.3125 ], "texture": "#main" }
            }
        }, 
        {
            "name": "head", 
            "from": [ 5, 10, 6 ], 
            "to":   [ 11, 16, 12 ], 
            "faces": {
                "north": { "uv": [ 8, 11.375, 11.25, 14.625 ], "texture": "#main" }, 
                "east":  { "uv": [ 8, 8, 11, 11 ], "texture": "#main" }, 
                "south": { "uv": [ 8, 8, 10, 9.4375 ], "texture": "#main" }, 
                "west":  { "uv": [ 8, 8, 11, 11 ], "texture": "#main" }, 
                "up":    { "uv": [ 8, 8, 11, 11 ], "texture": "#main" }, 
                "down":  { "uv": [ 8, 8, 11, 11 ], "texture": "#main" }
            }
        }, 
        {
            "name": "face_right", 
            "from": [ 10, 9.8, 5.3 ], 
            "to":   [ 12, 11.8, 7.3 ], 
            "rotation": { "angle": -22.5, "axis": "x", "origin": [8, 8.8, 8.3] }, 
            "faces": {
                "north": { "uv": [ 14.5, 8.5, 15.5, 9.5 ], "texture": "#main" }, 
                "east":  { "uv": [ 14.375, 9.0625, 15.375, 10.0625 ], "texture": "#main" }, 
                "south": { "uv": [ 14.375, 8.75, 15.375, 9.75 ], "texture": "#main" }, 
                "west":  { "uv": [ 14, 8.3125, 15, 9.3125 ], "texture": "#main" }, 
                "up":    { "uv": [ 14.5, 8.6875, 15.5, 9.6875 ], "texture": "#main" }, 
                "down":  { "uv": [ 14.4375, 8.5, 15.4375, 9.5 ], "texture": "#main" }
            }
        }, 
        {
            "name": "face_left", 
            "from": [ 4, 9.8, 5.3 ], 
            "to":   [ 6, 11.8, 7.3 ], 
            "rotation": { "angle": -22.5, "axis": "x", "origin": [8, 8.8, 8.3] }, 
            "faces": {
                "north": { "uv": [ 14.0625, 8.6875, 15.0625, 9.6875 ], "texture": "#main" }, 
                "east":  { "uv": [ 14, 8.3125, 15, 9.3125 ], "texture": "#main" }, 
                "south": { "uv": [ 14.1875, 8.5, 15.1875, 9.5 ], "texture": "#main" }, 
                "west":  { "uv": [ 14.5, 8.5625, 15.5, 9.5625 ], "texture": "#main" }, 
                "up":    { "uv": [ 14.375, 8.4375, 15.375, 9.4375 ], "texture": "#main" }, 
                "down":  { "uv": [ 14.6875, 8, 15.6875, 9 ], "texture": "#main" }
            }
        }, 
        {
            "name": "ear_left", 
            "from": [ 7.1, 12.9, 8 ], 
            "to":   [ 9.1, 18.9, 10 ], 
            "rotation": { "angle": 22.5, "axis": "z", "origin": [8.1, 7.9, 8] }, 
            "faces": {
                "north": { "uv": [ 12.0625, 8.0625, 13.0625, 11.0625 ], "texture": "#main" }, 
                "east":  { "uv": [ 11.75, 8.125, 12.75, 11.125 ], "texture": "#main" }, 
                "south": { "uv": [ 12, 8, 13, 11 ], "texture": "#main" }, 
                "west":  { "uv": [ 11.6875, 8, 12.6875, 11 ], "texture": "#main" }, 
                "up":    { "uv": [ 11.6875, 8.625, 12.6875, 9.625 ], "texture": "#main" }, 
                "down":  { "uv": [ 11.875, 8.75, 12.875, 9.75 ], "texture": "#main" }
            }
        }, 
        {
            "name": "ear_right", 
            "from": [ 8.4, 9.7, 8 ], 
            "to":   [ 14.4, 11.7, 10 ], 
            "rotation": { "angle": 22.5, "axis": "z", "origin": [3.4, 10.7, 8] }, 
            "faces": {
                "north": { "uv": [ 11.875, 8.125, 12.875, 11.125 ], "rotation":270, "texture": "#main" }, 
                "east":  { "uv": [ 11.6875, 8.6875, 12.6875, 9.6875 ], "rotation":90, "texture": "#main" }, 
                "south": { "uv": [ 11.9375, 8.0625, 12.9375, 11.0625 ], "rotation":90, "texture": "#main" }, 
                "west":  { "uv": [ 11.625, 8.5, 12.625, 9.5 ], "rotation":90, "texture": "#main" }, 
                "up":    { "uv": [ 11.875, 8, 12.875, 11 ], "rotation":90, "texture": "#main" }, 
                "down":  { "uv": [ 11.8125, 8, 12.8125, 11 ], "rotation":90, "texture": "#main" }
            }
        }, 
        {
            "name": "body_one", 
            "from": [ 7, 5.5, 9 ], 
            "to":   [ 9, 6.5, 11 ], 
            "rotation": { "angle": -22.5, "axis": "x", "origin": [8, 7.5, 9] }, 
            "faces": {
                "north": { "uv": [ 11.5, 8.6875, 12.5, 9.1875 ], "texture": "#main" }, 
                "east":  { "uv": [ 11.875, 8.3125, 13.0625, 8.875 ], "texture": "#main" }, 
                "south": { "uv": [ 11.875, 9, 12.875, 9.5 ], "texture": "#main" }, 
                "west":  { "uv": [ 11.6875, 8.4375, 12.6875, 8.9375 ], "texture": "#main" }, 
                "up":    { "uv": [ 11.6875, 8.0625, 12.6875, 9.0625 ], "texture": "#main" }, 
                "down":  { "uv": [ 12.125, 8.625, 13.125, 9.625 ], "texture": "#main" }
            }
        }, 
        {
            "name": "body_two", 
            "from": [ 6, 7.6, 8.3 ], 
            "to":   [ 10, 8.6, 12.3 ], 
            "rotation": { "angle": -22.5, "axis": "x", "origin": [8, 7.6, 9.3] }, 
            "faces": {
                "north": { "uv": [ 11.375, 8.75, 13.375, 9.25 ], "texture": "#main" }, 
                "east":  { "uv": [ 11.4375, 8.5, 13.4375, 9 ], "texture": "#main" }, 
                "south": { "uv": [ 11.375, 8.5625, 13.375, 9.0625 ], "texture": "#main" }, 
                "west":  { "uv": [ 11.375, 8.75, 13.375, 9.25 ], "texture": "#main" }, 
                "up":    { "uv": [ 11.4375, 8.375, 13.4375, 10.375 ], "texture": "#main" }, 
                "down":  { "uv": [ 11.375, 8.3125, 13.375, 10.3125 ], "texture": "#main" }
            }
        }
    ], 
    "display": {
        "ground": {
            "translation": [ 0, 1.75, 0 ], 
            "scale": [ 3, 3, 3 ]
        }, 
        "gui": {
            "rotation": [ 0, 156, 0 ], 
            "translation": [ -0.5, -5.25, 0 ], 
            "scale": [ 1.5, 1.5, 1.5 ]
        }, 
        "head": {
            "translation": [ 0, -27, 0 ], 
            "scale": [ 3, 3, 3 ]
        }
    }, 
    "__comment": "制作者： Fizzy 来自：http://fizzy81.github.io/animated-models/ 由www.imiPet.com汉化"
}