{
    "credit": "Made with Blockbench", 
    "textures": {
        "main": "imipet/emobon_idle"
    }, 
    "elements": [
        {
            "name": "head", 
            "from": [ 5, 10, 6 ], 
            "to":   [ 11, 16, 12 ], 
            "faces": {
                "north": { "uv": [ 0, 1.6875, 1.625, 3.3125 ], "texture": "#main" }, 
                "east":  { "uv": [ 0, 0, 1.5, 1.5 ], "texture": "#main" }, 
                "south": { "uv": [ 0, 0, 1, 0.71875 ], "texture": "#main" }, 
                "west":  { "uv": [ 0, 0, 1.5, 1.5 ], "texture": "#main" }, 
                "up":    { "uv": [ 0, 0, 1.5, 1.5 ], "texture": "#main" }, 
                "down":  { "uv": [ 0, 0, 1.5, 1.5 ], "texture": "#main" }
            }
        }, 
        {
            "name": "face_right", 
            "from": [ 10, 9, 5 ], 
            "to":   [ 12, 11, 7 ], 
            "faces": {
                "north": { "uv": [ 3.25, 0.25, 3.75, 0.75 ], "texture": "#main" }, 
                "east":  { "uv": [ 3.1875, 0.53125, 3.6875, 1.03125 ], "texture": "#main" }, 
                "south": { "uv": [ 3.1875, 0.375, 3.6875, 0.875 ], "texture": "#main" }, 
                "west":  { "uv": [ 3, 0.15625, 3.5, 0.65625 ], "texture": "#main" }, 
                "up":    { "uv": [ 3.25, 0.34375, 3.75, 0.84375 ], "texture": "#main" }, 
                "down":  { "uv": [ 3.21875, 0.25, 3.71875, 0.75 ], "texture": "#main" }
            }
        }, 
        {
            "name": "face_left", 
            "from": [ 4, 9, 5 ], 
            "to":   [ 6, 11, 7 ], 
            "faces": {
                "north": { "uv": [ 3.03125, 0.34375, 3.53125, 0.84375 ], "texture": "#main" }, 
                "east":  { "uv": [ 3, 0.15625, 3.5, 0.65625 ], "texture": "#main" }, 
                "south": { "uv": [ 3.09375, 0.25, 3.59375, 0.75 ], "texture": "#main" }, 
                "west":  { "uv": [ 3.25, 0.28125, 3.75, 0.78125 ], "texture": "#main" }, 
                "up":    { "uv": [ 3.1875, 0.21875, 3.6875, 0.71875 ], "texture": "#main" }, 
                "down":  { "uv": [ 3.34375, 0, 3.84375, 0.5 ], "texture": "#main" }
            }
        }, 
        {
            "name": "ear_left", 
            "from": [ 7, 13, 8 ], 
            "to":   [ 9, 19, 10 ], 
            "rotation": { "angle": 22.5, "axis": "z", "origin": [8, 8, 8] }, 
            "faces": {
                "north": { "uv": [ 2.03125, 0.03125, 2.53125, 1.53125 ], "texture": "#main" }, 
                "east":  { "uv": [ 1.875, 0.0625, 2.375, 1.5625 ], "texture": "#main" }, 
                "south": { "uv": [ 2, 0, 2.5, 1.5 ], "texture": "#main" }, 
                "west":  { "uv": [ 1.84375, 0, 2.34375, 1.5 ], "texture": "#main" }, 
                "up":    { "uv": [ 1.84375, 0.3125, 2.34375, 0.8125 ], "texture": "#main" }, 
                "down":  { "uv": [ 1.9375, 0.375, 2.4375, 0.875 ], "texture": "#main" }
            }
        }, 
        {
            "name": "ear_right", 
            "from": [ 7, 13, 8 ], 
            "to":   [ 9, 19, 10 ], 
            "rotation": { "angle": -22.5, "axis": "z", "origin": [8, 8, 8] }, 
            "faces": {
                "north": { "uv": [ 1.9375, 0.0625, 2.4375, 1.5625 ], "texture": "#main" }, 
                "east":  { "uv": [ 1.90625, 0, 2.40625, 1.5 ], "texture": "#main" }, 
                "south": { "uv": [ 1.96875, 0.03125, 2.46875, 1.53125 ], "texture": "#main" }, 
                "west":  { "uv": [ 1.9375, 0, 2.4375, 1.5 ], "texture": "#main" }, 
                "up":    { "uv": [ 1.84375, 0.34375, 2.34375, 0.84375 ], "texture": "#main" }, 
                "down":  { "uv": [ 1.8125, 0.25, 2.3125, 0.75 ], "texture": "#main" }
            }
        }, 
        {
            "name": "body_one", 
            "from": [ 7, 6, 8 ], 
            "to":   [ 9, 7, 10 ], 
            "faces": {
                "north": { "uv": [ 1.75, 0.34375, 2.25, 0.59375 ], "texture": "#main" }, 
                "east":  { "uv": [ 1.9375, 0.15625, 2.53125, 0.4375 ], "texture": "#main" }, 
                "south": { "uv": [ 1.9375, 0.5, 2.4375, 0.75 ], "texture": "#main" }, 
                "west":  { "uv": [ 1.84375, 0.21875, 2.34375, 0.46875 ], "texture": "#main" }, 
                "up":    { "uv": [ 1.84375, 0.03125, 2.34375, 0.53125 ], "texture": "#main" }, 
                "down":  { "uv": [ 2.0625, 0.3125, 2.5625, 0.8125 ], "texture": "#main" }
            }
        }, 
        {
            "name": "body_two", 
            "from": [ 6, 8, 7 ], 
            "to":   [ 10, 9, 11 ], 
            "faces": {
                "north": { "uv": [ 1.6875, 0.375, 2.6875, 0.625 ], "texture": "#main" }, 
                "east":  { "uv": [ 1.71875, 0.25, 2.71875, 0.5 ], "texture": "#main" }, 
                "south": { "uv": [ 1.6875, 0.28125, 2.6875, 0.53125 ], "texture": "#main" }, 
                "west":  { "uv": [ 1.6875, 0.375, 2.6875, 0.625 ], "texture": "#main" }, 
                "up":    { "uv": [ 1.71875, 0.1875, 2.71875, 1.1875 ], "texture": "#main" }, 
                "down":  { "uv": [ 1.6875, 0.15625, 2.6875, 1.15625 ], "texture": "#main" }
            }
        }, 
        {
            "name": "head", 
            "from": [ 5, 10, 6 ], 
            "to":   [ 11, 16, 12 ], 
            "faces": {
                "north": { "uv": [ 4, 1.6875, 5.625, 3.3125 ], "texture": "#main" }, 
                "east":  { "uv": [ 4, 0, 5.5, 1.5 ], "texture": "#main" }, 
                "south": { "uv": [ 4, 0, 5, 0.71875 ], "texture": "#main" }, 
                "west":  { "uv": [ 4, 0, 5.5, 1.5 ], "texture": "#main" }, 
                "up":    { "uv": [ 4, 0, 5.5, 1.5 ], "texture": "#main" }, 
                "down":  { "uv": [ 4, 0, 5.5, 1.5 ], "texture": "#main" }
            }
        }, 
        {
            "name": "face_right", 
            "from": [ 10, 9.1, 5 ], 
            "to":   [ 12, 11.1, 7 ], 
            "rotation": { "angle": 0, "axis": "y", "origin": [8, 8.1, 8] }, 
            "faces": {
                "north": { "uv": [ 7.25, 0.25, 7.75, 0.75 ], "texture": "#main" }, 
                "east":  { "uv": [ 7.1875, 0.53125, 7.6875, 1.03125 ], "texture": "#main" }, 
                "south": { "uv": [ 7.1875, 0.375, 7.6875, 0.875 ], "texture": "#main" }, 
                "west":  { "uv": [ 7, 0.15625, 7.5, 0.65625 ], "texture": "#main" }, 
                "up":    { "uv": [ 7.25, 0.34375, 7.75, 0.84375 ], "texture": "#main" }, 
                "down":  { "uv": [ 7.21875, 0.25, 7.71875, 0.75 ], "texture": "#main" }
            }
        }, 
        {
            "name": "face_left", 
            "from": [ 4, 9.1, 5 ], 
            "to":   [ 6, 11.1, 7 ], 
            "rotation": { "angle": 0, "axis": "y", "origin": [8, 8.1, 8] }, 
            "faces": {
                "north": { "uv": [ 7.03125, 0.34375, 7.53125, 0.84375 ], "texture": "#main" }, 
                "east":  { "uv": [ 7, 0.15625, 7.5, 0.65625 ], "texture": "#main" }, 
                "south": { "uv": [ 7.09375, 0.25, 7.59375, 0.75 ], "texture": "#main" }, 
                "west":  { "uv": [ 7.25, 0.28125, 7.75, 0.78125 ], "texture": "#main" }, 
                "up":    { "uv": [ 7.1875, 0.21875, 7.6875, 0.71875 ], "texture": "#main" }, 
                "down":  { "uv": [ 7.34375, 0, 7.84375, 0.5 ], "texture": "#main" }
            }
        }, 
        {
            "name": "ear_left", 
            "from": [ 9, 14, 8 ], 
            "to":   [ 11, 20, 10 ], 
            "rotation": { "angle": 45, "axis": "z", "origin": [10, 9, 8] }, 
            "faces": {
                "north": { "uv": [ 6.03125, 0.03125, 6.53125, 1.53125 ], "texture": "#main" }, 
                "east":  { "uv": [ 5.875, 0.0625, 6.375, 1.5625 ], "texture": "#main" }, 
                "south": { "uv": [ 6, 0, 6.5, 1.5 ], "texture": "#main" }, 
                "west":  { "uv": [ 5.84375, 0, 6.34375, 1.5 ], "texture": "#main" }, 
                "up":    { "uv": [ 5.84375, 0.3125, 6.34375, 0.8125 ], "texture": "#main" }, 
                "down":  { "uv": [ 5.9375, 0.375, 6.4375, 0.875 ], "texture": "#main" }
            }
        }, 
        {
            "name": "ear_right", 
            "from": [ 7, 13, 8 ], 
            "to":   [ 9, 19, 10 ], 
            "rotation": { "angle": -22.5, "axis": "z", "origin": [8, 8, 8] }, 
            "faces": {
                "north": { "uv": [ 5.9375, 0.0625, 6.4375, 1.5625 ], "texture": "#main" }, 
                "east":  { "uv": [ 5.90625, 0, 6.40625, 1.5 ], "texture": "#main" }, 
                "south": { "uv": [ 5.96875, 0.03125, 6.46875, 1.53125 ], "texture": "#main" }, 
                "west":  { "uv": [ 5.9375, 0, 6.4375, 1.5 ], "texture": "#main" }, 
                "up":    { "uv": [ 5.84375, 0.34375, 6.34375, 0.84375 ], "texture": "#main" }, 
                "down":  { "uv": [ 5.8125, 0.25, 6.3125, 0.75 ], "texture": "#main" }
            }
        }, 
        {
            "name": "body_one", 
            "from": [ 7, 5.9, 8 ], 
            "to":   [ 9, 6.9, 10 ], 
            "rotation": { "angle": 0, "axis": "y", "origin": [8, 7.9, 8] }, 
            "faces": {
                "north": { "uv": [ 5.75, 0.34375, 6.25, 0.59375 ], "texture": "#main" }, 
                "east":  { "uv": [ 5.9375, 0.15625, 6.53125, 0.4375 ], "texture": "#main" }, 
                "south": { "uv": [ 5.9375, 0.5, 6.4375, 0.75 ], "texture": "#main" }, 
                "west":  { "uv": [ 5.84375, 0.21875, 6.34375, 0.46875 ], "texture": "#main" }, 
                "up":    { "uv": [ 5.84375, 0.03125, 6.34375, 0.53125 ], "texture": "#main" }, 
                "down":  { "uv": [ 6.0625, 0.3125, 6.5625, 0.8125 ], "texture": "#main" }
            }
        }, 
        {
            "name": "body_two", 
            "from": [ 6, 8.1, 7 ], 
            "to":   [ 10, 9.1, 11 ], 
            "rotation": { "angle": 0, "axis": "y", "origin": [8, 8.1, 8] }, 
            "faces": {
                "north": { "uv": [ 5.6875, 0.375, 6.6875, 0.625 ], "texture": "#main" }, 
                "east":  { "uv": [ 5.71875, 0.25, 6.71875, 0.5 ], "texture": "#main" }, 
                "south": { "uv": [ 5.6875, 0.28125, 6.6875, 0.53125 ], "texture": "#main" }, 
                "west":  { "uv": [ 5.6875, 0.375, 6.6875, 0.625 ], "texture": "#main" }, 
                "up":    { "uv": [ 5.71875, 0.1875, 6.71875, 1.1875 ], "texture": "#main" }, 
                "down":  { "uv": [ 5.6875, 0.15625, 6.6875, 1.15625 ], "texture": "#main" }
            }
        }, 
        {
            "name": "head", 
            "from": [ 5, 10, 6 ], 
            "to":   [ 11, 16, 12 ], 
            "faces": {
                "north": { "uv": [ 8, 1.6875, 9.625, 3.3125 ], "texture": "#main" }, 
                "east":  { "uv": [ 8, 0, 9.5, 1.5 ], "texture": "#main" }, 
                "south": { "uv": [ 8, 0, 9, 0.71875 ], "texture": "#main" }, 
                "west":  { "uv": [ 8, 0, 9.5, 1.5 ], "texture": "#main" }, 
                "up":    { "uv": [ 8, 0, 9.5, 1.5 ], "texture": "#main" }, 
                "down":  { "uv": [ 8, 0, 9.5, 1.5 ], "texture": "#main" }
            }
        }, 
        {
            "name": "face_right", 
            "from": [ 10, 9.2, 5 ], 
            "to":   [ 12, 11.2, 7 ], 
            "rotation": { "angle": 0, "axis": "y", "origin": [8, 8.2, 8] }, 
            "faces": {
                "north": { "uv": [ 11.25, 0.25, 11.75, 0.75 ], "texture": "#main" }, 
                "east":  { "uv": [ 11.1875, 0.53125, 11.6875, 1.03125 ], "texture": "#main" }, 
                "south": { "uv": [ 11.1875, 0.375, 11.6875, 0.875 ], "texture": "#main" }, 
                "west":  { "uv": [ 11, 0.15625, 11.5, 0.65625 ], "texture": "#main" }, 
                "up":    { "uv": [ 11.25, 0.34375, 11.75, 0.84375 ], "texture": "#main" }, 
                "down":  { "uv": [ 11.21875, 0.25, 11.71875, 0.75 ], "texture": "#main" }
            }
        }, 
        {
            "name": "face_left", 
            "from": [ 4, 9.2, 5 ], 
            "to":   [ 6, 11.2, 7 ], 
            "rotation": { "angle": 0, "axis": "y", "origin": [8, 8.2, 8] }, 
            "faces": {
                "north": { "uv": [ 11.03125, 0.34375, 11.53125, 0.84375 ], "texture": "#main" }, 
                "east":  { "uv": [ 11, 0.15625, 11.5, 0.65625 ], "texture": "#main" }, 
                "south": { "uv": [ 11.09375, 0.25, 11.59375, 0.75 ], "texture": "#main" }, 
                "west":  { "uv": [ 11.25, 0.28125, 11.75, 0.78125 ], "texture": "#main" }, 
                "up":    { "uv": [ 11.1875, 0.21875, 11.6875, 0.71875 ], "texture": "#main" }, 
                "down":  { "uv": [ 11.34375, 0, 11.84375, 0.5 ], "texture": "#main" }
            }
        }, 
        {
            "name": "ear_left", 
            "from": [ 1.1, 10.2, 8 ], 
            "to":   [ 7.1, 12.2, 10 ], 
            "rotation": { "angle": -22.5, "axis": "z", "origin": [12.1, 11.2, 8] }, 
            "faces": {
                "north": { "uv": [ 10.03125, 0.03125, 10.53125, 1.53125 ], "rotation":90, "texture": "#main" }, 
                "east":  { "uv": [ 9.9375, 0.375, 10.4375, 0.875 ], "rotation":270, "texture": "#main" }, 
                "south": { "uv": [ 10, 0, 10.5, 1.5 ], "rotation":270, "texture": "#main" }, 
                "west":  { "uv": [ 9.84375, 0.3125, 10.34375, 0.8125 ], "rotation":270, "texture": "#main" }, 
                "up":    { "uv": [ 9.875, 0.0625, 10.375, 1.5625 ], "rotation":270, "texture": "#main" }, 
                "down":  { "uv": [ 9.84375, 0, 10.34375, 1.5 ], "rotation":270, "texture": "#main" }
            }
        }, 
        {
            "name": "ear_right", 
            "from": [ 7, 13, 8 ], 
            "to":   [ 9, 19, 10 ], 
            "rotation": { "angle": -22.5, "axis": "z", "origin": [8, 8, 8] }, 
            "faces": {
                "north": { "uv": [ 9.9375, 0.0625, 10.4375, 1.5625 ], "texture": "#main" }, 
                "east":  { "uv": [ 9.90625, 0, 10.40625, 1.5 ], "texture": "#main" }, 
                "south": { "uv": [ 9.96875, 0.03125, 10.46875, 1.53125 ], "texture": "#main" }, 
                "west":  { "uv": [ 9.9375, 0, 10.4375, 1.5 ], "texture": "#main" }, 
                "up":    { "uv": [ 9.84375, 0.34375, 10.34375, 0.84375 ], "texture": "#main" }, 
                "down":  { "uv": [ 9.8125, 0.25, 10.3125, 0.75 ], "texture": "#main" }
            }
        }, 
        {
            "name": "body_one", 
            "from": [ 7, 5.8, 8 ], 
            "to":   [ 9, 6.8, 10 ], 
            "rotation": { "angle": 0, "axis": "y", "origin": [8, 7.8, 8] }, 
            "faces": {
                "north": { "uv": [ 9.75, 0.34375, 10.25, 0.59375 ], "texture": "#main" }, 
                "east":  { "uv": [ 9.9375, 0.15625, 10.53125, 0.4375 ], "texture": "#main" }, 
                "south": { "uv": [ 9.9375, 0.5, 10.4375, 0.75 ], "texture": "#main" }, 
                "west":  { "uv": [ 9.84375, 0.21875, 10.34375, 0.46875 ], "texture": "#main" }, 
                "up":    { "uv": [ 9.84375, 0.03125, 10.34375, 0.53125 ], "texture": "#main" }, 
                "down":  { "uv": [ 10.0625, 0.3125, 10.5625, 0.8125 ], "texture": "#main" }
            }
        }, 
        {
            "name": "body_two", 
            "from": [ 6, 8.2, 7 ], 
            "to":   [ 10, 9.2, 11 ], 
            "rotation": { "angle": 0, "axis": "y", "origin": [8, 8.2, 8] }, 
            "faces": {
                "north": { "uv": [ 9.6875, 0.375, 10.6875, 0.625 ], "texture": "#main" }, 
                "east":  { "uv": [ 9.71875, 0.25, 10.71875, 0.5 ], "texture": "#main" }, 
                "south": { "uv": [ 9.6875, 0.28125, 10.6875, 0.53125 ], "texture": "#main" }, 
                "west":  { "uv": [ 9.6875, 0.375, 10.6875, 0.625 ], "texture": "#main" }, 
                "up":    { "uv": [ 9.71875, 0.1875, 10.71875, 1.1875 ], "texture": "#main" }, 
                "down":  { "uv": [ 9.6875, 0.15625, 10.6875, 1.15625 ], "texture": "#main" }
            }
        }, 
        {
            "name": "head", 
            "from": [ 5, 10, 6 ], 
            "to":   [ 11, 16, 12 ], 
            "faces": {
                "north": { "uv": [ 12, 1.6875, 13.625, 3.3125 ], "texture": "#main" }, 
                "east":  { "uv": [ 12, 0, 13.5, 1.5 ], "texture": "#main" }, 
                "south": { "uv": [ 12, 0, 13, 0.71875 ], "texture": "#main" }, 
                "west":  { "uv": [ 12, 0, 13.5, 1.5 ], "texture": "#main" }, 
                "up":    { "uv": [ 12, 0, 13.5, 1.5 ], "texture": "#main" }, 
                "down":  { "uv": [ 12, 0, 13.5, 1.5 ], "texture": "#main" }
            }
        }, 
        {
            "name": "face_right", 
            "from": [ 10, 9.1, 5 ], 
            "to":   [ 12, 11.1, 7 ], 
            "rotation": { "angle": 0, "axis": "y", "origin": [8, 8.1, 8] }, 
            "faces": {
                "north": { "uv": [ 15.25, 0.25, 15.75, 0.75 ], "texture": "#main" }, 
                "east":  { "uv": [ 15.1875, 0.53125, 15.6875, 1.03125 ], "texture": "#main" }, 
                "south": { "uv": [ 15.1875, 0.375, 15.6875, 0.875 ], "texture": "#main" }, 
                "west":  { "uv": [ 15, 0.15625, 15.5, 0.65625 ], "texture": "#main" }, 
                "up":    { "uv": [ 15.25, 0.34375, 15.75, 0.84375 ], "texture": "#main" }, 
                "down":  { "uv": [ 15.21875, 0.25, 15.71875, 0.75 ], "texture": "#main" }
            }
        }, 
        {
            "name": "face_left", 
            "from": [ 4, 9.1, 5 ], 
            "to":   [ 6, 11.1, 7 ], 
            "rotation": { "angle": 0, "axis": "y", "origin": [8, 8.1, 8] }, 
            "faces": {
                "north": { "uv": [ 15.03125, 0.34375, 15.53125, 0.84375 ], "texture": "#main" }, 
                "east":  { "uv": [ 15, 0.15625, 15.5, 0.65625 ], "texture": "#main" }, 
                "south": { "uv": [ 15.09375, 0.25, 15.59375, 0.75 ], "texture": "#main" }, 
                "west":  { "uv": [ 15.25, 0.28125, 15.75, 0.78125 ], "texture": "#main" }, 
                "up":    { "uv": [ 15.1875, 0.21875, 15.6875, 0.71875 ], "texture": "#main" }, 
                "down":  { "uv": [ 15.34375, 0, 15.84375, 0.5 ], "texture": "#main" }
            }
        }, 
        {
            "name": "ear_left", 
            "from": [ 7, 13, 8 ], 
            "to":   [ 9, 19, 10 ], 
            "rotation": { "angle": 22.5, "axis": "z", "origin": [8, 8, 8] }, 
            "faces": {
                "north": { "uv": [ 14.03125, 0.03125, 14.53125, 1.53125 ], "texture": "#main" }, 
                "east":  { "uv": [ 13.875, 0.0625, 14.375, 1.5625 ], "texture": "#main" }, 
                "south": { "uv": [ 14, 0, 14.5, 1.5 ], "texture": "#main" }, 
                "west":  { "uv": [ 13.84375, 0, 14.34375, 1.5 ], "texture": "#main" }, 
                "up":    { "uv": [ 13.84375, 0.3125, 14.34375, 0.8125 ], "texture": "#main" }, 
                "down":  { "uv": [ 13.9375, 0.375, 14.4375, 0.875 ], "texture": "#main" }
            }
        }, 
        {
            "name": "ear_right", 
            "from": [ 4.8, 14.1, 8 ], 
            "to":   [ 6.8, 20.1, 10 ], 
            "rotation": { "angle": -45, "axis": "z", "origin": [5.8, 9.1, 8] }, 
            "faces": {
                "north": { "uv": [ 13.9375, 0.0625, 14.4375, 1.5625 ], "texture": "#main" }, 
                "east":  { "uv": [ 13.90625, 0, 14.40625, 1.5 ], "texture": "#main" }, 
                "south": { "uv": [ 13.96875, 0.03125, 14.46875, 1.53125 ], "texture": "#main" }, 
                "west":  { "uv": [ 13.9375, 0, 14.4375, 1.5 ], "texture": "#main" }, 
                "up":    { "uv": [ 13.84375, 0.34375, 14.34375, 0.84375 ], "texture": "#main" }, 
                "down":  { "uv": [ 13.8125, 0.25, 14.3125, 0.75 ], "texture": "#main" }
            }
        }, 
        {
            "name": "body_one", 
            "from": [ 7, 5.9, 8 ], 
            "to":   [ 9, 6.9, 10 ], 
            "rotation": { "angle": 0, "axis": "y", "origin": [8, 7.9, 8] }, 
            "faces": {
                "north": { "uv": [ 13.75, 0.34375, 14.25, 0.59375 ], "texture": "#main" }, 
                "east":  { "uv": [ 13.9375, 0.15625, 14.53125, 0.4375 ], "texture": "#main" }, 
                "south": { "uv": [ 13.9375, 0.5, 14.4375, 0.75 ], "texture": "#main" }, 
                "west":  { "uv": [ 13.84375, 0.21875, 14.34375, 0.46875 ], "texture": "#main" }, 
                "up":    { "uv": [ 13.84375, 0.03125, 14.34375, 0.53125 ], "texture": "#main" }, 
                "down":  { "uv": [ 14.0625, 0.3125, 14.5625, 0.8125 ], "texture": "#main" }
            }
        }, 
        {
            "name": "body_two", 
            "from": [ 6, 8.1, 7 ], 
            "to":   [ 10, 9.1, 11 ], 
            "rotation": { "angle": 0, "axis": "y", "origin": [8, 8.1, 8] }, 
            "faces": {
                "north": { "uv": [ 13.6875, 0.375, 14.6875, 0.625 ], "texture": "#main" }, 
                "east":  { "uv": [ 13.71875, 0.25, 14.71875, 0.5 ], "texture": "#main" }, 
                "south": { "uv": [ 13.6875, 0.28125, 14.6875, 0.53125 ], "texture": "#main" }, 
                "west":  { "uv": [ 13.6875, 0.375, 14.6875, 0.625 ], "texture": "#main" }, 
                "up":    { "uv": [ 13.71875, 0.1875, 14.71875, 1.1875 ], "texture": "#main" }, 
                "down":  { "uv": [ 13.6875, 0.15625, 14.6875, 1.15625 ], "texture": "#main" }
            }
        }, 
        {
            "name": "head", 
            "from": [ 5, 10, 6 ], 
            "to":   [ 11, 16, 12 ], 
            "faces": {
                "north": { "uv": [ 0, 5.6875, 1.625, 7.3125 ], "texture": "#main" }, 
                "east":  { "uv": [ 0, 4, 1.5, 5.5 ], "texture": "#main" }, 
                "south": { "uv": [ 0, 4, 1, 4.71875 ], "texture": "#main" }, 
                "west":  { "uv": [ 0, 4, 1.5, 5.5 ], "texture": "#main" }, 
                "up":    { "uv": [ 0, 4, 1.5, 5.5 ], "texture": "#main" }, 
                "down":  { "uv": [ 0, 4, 1.5, 5.5 ], "texture": "#main" }
            }
        }, 
        {
            "name": "face_right", 
            "from": [ 10, 9.2, 5 ], 
            "to":   [ 12, 11.2, 7 ], 
            "rotation": { "angle": 0, "axis": "y", "origin": [8, 8.2, 8] }, 
            "faces": {
                "north": { "uv": [ 3.25, 4.25, 3.75, 4.75 ], "texture": "#main" }, 
                "east":  { "uv": [ 3.1875, 4.53125, 3.6875, 5.03125 ], "texture": "#main" }, 
                "south": { "uv": [ 3.1875, 4.375, 3.6875, 4.875 ], "texture": "#main" }, 
                "west":  { "uv": [ 3, 4.15625, 3.5, 4.65625 ], "texture": "#main" }, 
                "up":    { "uv": [ 3.25, 4.34375, 3.75, 4.84375 ], "texture": "#main" }, 
                "down":  { "uv": [ 3.21875, 4.25, 3.71875, 4.75 ], "texture": "#main" }
            }
        }, 
        {
            "name": "face_left", 
            "from": [ 4, 9.2, 5 ], 
            "to":   [ 6, 11.2, 7 ], 
            "rotation": { "angle": 0, "axis": "y", "origin": [8, 8.2, 8] }, 
            "faces": {
                "north": { "uv": [ 3.03125, 4.34375, 3.53125, 4.84375 ], "texture": "#main" }, 
                "east":  { "uv": [ 3, 4.15625, 3.5, 4.65625 ], "texture": "#main" }, 
                "south": { "uv": [ 3.09375, 4.25, 3.59375, 4.75 ], "texture": "#main" }, 
                "west":  { "uv": [ 3.25, 4.28125, 3.75, 4.78125 ], "texture": "#main" }, 
                "up":    { "uv": [ 3.1875, 4.21875, 3.6875, 4.71875 ], "texture": "#main" }, 
                "down":  { "uv": [ 3.34375, 4, 3.84375, 4.5 ], "texture": "#main" }
            }
        }, 
        {
            "name": "ear_left", 
            "from": [ 7, 13, 8 ], 
            "to":   [ 9, 19, 10 ], 
            "rotation": { "angle": 22.5, "axis": "z", "origin": [8, 8, 8] }, 
            "faces": {
                "north": { "uv": [ 2.03125, 4.03125, 2.53125, 5.53125 ], "texture": "#main" }, 
                "east":  { "uv": [ 1.875, 4.0625, 2.375, 5.5625 ], "texture": "#main" }, 
                "south": { "uv": [ 2, 4, 2.5, 5.5 ], "texture": "#main" }, 
                "west":  { "uv": [ 1.84375, 4, 2.34375, 5.5 ], "texture": "#main" }, 
                "up":    { "uv": [ 1.84375, 4.3125, 2.34375, 4.8125 ], "texture": "#main" }, 
                "down":  { "uv": [ 1.9375, 4.375, 2.4375, 4.875 ], "texture": "#main" }
            }
        }, 
        {
            "name": "ear_right", 
            "from": [ 8.9, 10.2, 8 ], 
            "to":   [ 14.9, 12.2, 10 ], 
            "rotation": { "angle": 22.5, "axis": "z", "origin": [3.9, 11.2, 8] }, 
            "faces": {
                "north": { "uv": [ 1.9375, 4.0625, 2.4375, 5.5625 ], "rotation":270, "texture": "#main" }, 
                "east":  { "uv": [ 1.84375, 4.34375, 2.34375, 4.84375 ], "rotation":90, "texture": "#main" }, 
                "south": { "uv": [ 1.96875, 4.03125, 2.46875, 5.53125 ], "rotation":90, "texture": "#main" }, 
                "west":  { "uv": [ 1.8125, 4.25, 2.3125, 4.75 ], "rotation":90, "texture": "#main" }, 
                "up":    { "uv": [ 1.9375, 4, 2.4375, 5.5 ], "rotation":90, "texture": "#main" }, 
                "down":  { "uv": [ 1.90625, 4, 2.40625, 5.5 ], "rotation":90, "texture": "#main" }
            }
        }, 
        {
            "name": "body_one", 
            "from": [ 7, 5.8, 8 ], 
            "to":   [ 9, 6.8, 10 ], 
            "rotation": { "angle": 0, "axis": "y", "origin": [8, 7.8, 8] }, 
            "faces": {
                "north": { "uv": [ 1.75, 4.34375, 2.25, 4.59375 ], "texture": "#main" }, 
                "east":  { "uv": [ 1.9375, 4.15625, 2.53125, 4.4375 ], "texture": "#main" }, 
                "south": { "uv": [ 1.9375, 4.5, 2.4375, 4.75 ], "texture": "#main" }, 
                "west":  { "uv": [ 1.84375, 4.21875, 2.34375, 4.46875 ], "texture": "#main" }, 
                "up":    { "uv": [ 1.84375, 4.03125, 2.34375, 4.53125 ], "texture": "#main" }, 
                "down":  { "uv": [ 2.0625, 4.3125, 2.5625, 4.8125 ], "texture": "#main" }
            }
        }, 
        {
            "name": "body_two", 
            "from": [ 6, 8.2, 7 ], 
            "to":   [ 10, 9.2, 11 ], 
            "rotation": { "angle": 0, "axis": "y", "origin": [8, 8.2, 8] }, 
            "faces": {
                "north": { "uv": [ 1.6875, 4.375, 2.6875, 4.625 ], "texture": "#main" }, 
                "east":  { "uv": [ 1.71875, 4.25, 2.71875, 4.5 ], "texture": "#main" }, 
                "south": { "uv": [ 1.6875, 4.28125, 2.6875, 4.53125 ], "texture": "#main" }, 
                "west":  { "uv": [ 1.6875, 4.375, 2.6875, 4.625 ], "texture": "#main" }, 
                "up":    { "uv": [ 1.71875, 4.1875, 2.71875, 5.1875 ], "texture": "#main" }, 
                "down":  { "uv": [ 1.6875, 4.15625, 2.6875, 5.15625 ], "texture": "#main" }
            }
        }
    ], 
    "display": {
        "ground": {
            "translation": [ 0, 1.75, 0 ], 
            "scale": [ 3, 3, 3 ]
        }, 
        "gui": {
            "rotation": [ 0, 156, 0 ], 
            "translation": [ -0.5, -5.25, 0 ], 
            "scale": [ 1.5, 1.5, 1.5 ]
        }, 
        "head": {
            "translation": [ 0, -27, 0 ], 
            "scale": [ 3, 3, 3 ]
        }
    }, 
    "__comment": "制作者： Fizzy 来自：http://fizzy81.github.io/animated-models/ 由www.imiPet.com汉化"
}